case_type,customer_name,customer_email,customer_contact,attempt_count,contact_count,days_overdue,hours_since_notification,salary_proximity_days,mandate_revoked,promised_to_pay,failure_code,amount,txn_id,recovered
mandate_failure,Vivaan Rao,vivaan.rao654@example.com,+913370610486,1,0,0,84.0,-12,False,False,bank_timeout,1499.0,HIST-0000,True
mandate_failure,Sara Iyer,sara.iyer925@example.com,+917537434204,2,0,0,69.0,-7,False,False,insufficient_funds,2999.0,HIST-0001,True
mandate_failure,Arjun Nair,arjun.nair68@example.com,+918486761344,2,0,0,90.0,6,False,False,insufficient_funds,99.0,HIST-0002,False
mandate_failure,Arjun Reddy,arjun.reddy326@example.com,+918304714164,2,0,0,55.0,14,False,False,insufficient_funds,499.0,HIST-0003,False
mandate_failure,Karan Kapoor,karan.kapoor98@example.com,+912673773822,2,0,0,81.0,-9,False,False,insufficient_funds,999.0,HIST-0004,False
mandate_failure,Aarav Rao,aarav.rao664@example.com,+914627544501,2,0,0,57.0,5,False,False,insufficient_funds,499.0,HIST-0005,True
mandate_failure,Vivaan Rao,vivaan.rao574@example.com,+915540572503,0,0,0,95.0,-3,False,False,insufficient_funds,499.0,HIST-0006,True
mandate_failure,Sneha Singh,sneha.singh59@example.com,+917282351547,1,0,0,82.0,-3,False,False,bank_timeout,299.0,HIST-0007,True
mandate_failure,Rohan Sharma,rohan.sharma106@example.com,+910666461848,1,0,0,35.0,-2,False,False,bank_timeout,199.0,HIST-0008,True
mandate_failure,Kabir Kapoor,kabir.kapoor630@example.com,+915380313838,0,0,0,93.0,8,False,False,bank_timeout,499.0,HIST-0009,False
mandate_failure,Diya Rao,diya.rao788@example.com,+914620048146,2,0,0,63.0,2,False,False,insufficient_funds,199.0,HIST-0010,False
mandate_failure,Priya Sharma,priya.sharma758@example.com,+914653251505,1,0,0,26.0,9,False,False,insufficient_funds,1499.0,HIST-0011,False
mandate_failure,Priya Nair,priya.nair660@example.com,+911601571288,1,0,0,45.0,3,False,False,insufficient_funds,999.0,HIST-0012,True
mandate_failure,Aarav Reddy,aarav.reddy482@example.com,+914700246438,1,0,0,43.0,10,False,False,do_not_honor,499.0,HIST-0013,False
mandate_failure,Aditya Mehta,aditya.mehta849@example.com,+913203708412,1,0,0,32.0,5,False,False,insufficient_funds,499.0,HIST-0014,False
mandate_failure,Diya Rao,diya.rao726@example.com,+918620588220,1,0,0,83.0,-6,False,False,do_not_honor,499.0,HIST-0015,False
mandate_failure,Isha Nair,isha.nair203@example.com,+918525482881,0,0,0,93.0,-2,False,False,insufficient_funds,199.0,HIST-0016,False
mandate_failure,Isha Verma,isha.verma748@example.com,+917828144206,1,0,0,30.0,12,False,False,bank_timeout,299.0,HIST-0017,True
mandate_failure,Kabir Gupta,kabir.gupta6@example.com,+918820107816,2,0,0,27.0,12,False,False,do_not_honor,199.0,HIST-0018,False
mandate_failure,Priya Pillai,priya.pillai776@example.com,+912844318012,2,0,0,32.0,15,False,False,insufficient_funds,99.0,HIST-0019,False
mandate_failure,Rahul Kapoor,rahul.kapoor765@example.com,+915317706067,1,0,0,29.0,13,False,False,insufficient_funds,99.0,HIST-0020,True
mandate_failure,Kabir Verma,kabir.verma488@example.com,+914528428840,1,0,0,31.0,11,False,False,do_not_honor,199.0,HIST-0021,False
mandate_failure,Arjun Reddy,arjun.reddy7@example.com,+918151867345,1,0,0,44.0,-12,False,False,insufficient_funds,1499.0,HIST-0022,False
mandate_failure,Vikram Khan,vikram.khan233@example.com,+913465876523,1,0,0,70.0,-12,False,False,insufficient_funds,2999.0,HIST-0023,True
mandate_failure,Diya Khan,diya.khan530@example.com,+912228677807,1,0,0,37.0,-11,False,False,do_not_honor,99.0,HIST-0024,False
mandate_failure,Vikram Das,vikram.das144@example.com,+918851125141,0,0,0,36.0,-9,False,False,insufficient_funds,999.0,HIST-0025,True
mandate_failure,Meera Joshi,meera.joshi515@example.com,+916737284677,1,0,0,88.0,-10,False,False,insufficient_funds,1499.0,HIST-0026,False
mandate_failure,Ananya Joshi,ananya.joshi571@example.com,+918320038480,0,0,0,90.0,-3,False,False,bank_timeout,99.0,HIST-0027,True
mandate_failure,Vikram Singh,vikram.singh800@example.com,+918282757555,2,0,0,47.0,1,False,False,insufficient_funds,1499.0,HIST-0028,False
mandate_failure,Aditya Singh,aditya.singh462@example.com,+917365220134,0,0,0,50.0,-5,False,False,insufficient_funds,999.0,HIST-0029,False
mandate_failure,Arjun Nair,arjun.nair434@example.com,+913162278687,1,0,0,93.0,1,False,False,insufficient_funds,499.0,HIST-0030,True
mandate_failure,Vikram Iyer,vikram.iyer803@example.com,+914465021601,2,0,0,33.0,13,False,False,bank_timeout,499.0,HIST-0031,True
mandate_failure,Karan Verma,karan.verma621@example.com,+916504861881,1,0,0,95.0,9,False,False,do_not_honor,1499.0,HIST-0032,False
mandate_failure,Pooja Verma,pooja.verma253@example.com,+916500451115,1,0,0,61.0,6,False,False,do_not_honor,499.0,HIST-0033,False
mandate_failure,Rahul Singh,rahul.singh517@example.com,+914251871716,2,0,0,90.0,-3,False,False,bank_timeout,99.0,HIST-0034,False
mandate_failure,Pooja Rao,pooja.rao333@example.com,+916876527342,0,0,0,91.0,-13,False,False,insufficient_funds,2999.0,HIST-0035,True
mandate_failure,Arjun Reddy,arjun.reddy128@example.com,+916148837541,0,0,0,84.0,7,False,False,risk_block,299.0,HIST-0036,False
mandate_failure,Isha Gupta,isha.gupta849@example.com,+917511450640,2,0,0,45.0,-2,False,False,do_not_honor,1499.0,HIST-0037,False
mandate_failure,Rohan Khan,rohan.khan13@example.com,+912486740380,2,0,0,27.0,10,False,False,insufficient_funds,2999.0,HIST-0038,False
mandate_failure,Ishaan Sharma,ishaan.sharma665@example.com,+911550687022,2,0,0,38.0,10,False,False,insufficient_funds,1499.0,HIST-0039,True
mandate_failure,Diya Kapoor,diya.kapoor908@example.com,+910001075878,0,0,0,72.0,-14,False,False,bank_timeout,199.0,HIST-0040,False
mandate_failure,Vikram Verma,vikram.verma771@example.com,+917677404111,2,0,0,69.0,1,False,False,do_not_honor,499.0,HIST-0041,False
mandate_failure,Meera Iyer,meera.iyer812@example.com,+916010206486,0,0,0,24.0,4,False,False,insufficient_funds,999.0,HIST-0042,True
mandate_failure,Aarav Khan,aarav.khan709@example.com,+913130613854,1,0,0,65.0,12,False,False,bank_timeout,199.0,HIST-0043,True
mandate_failure,Ananya Pillai,ananya.pillai541@example.com,+912354625381,2,0,0,89.0,-3,False,False,do_not_honor,199.0,HIST-0044,False
mandate_failure,Sara Pillai,sara.pillai134@example.com,+918202537535,1,0,0,39.0,11,False,False,insufficient_funds,199.0,HIST-0045,False
mandate_failure,Karan Nair,karan.nair919@example.com,+910234412053,1,0,0,66.0,5,False,False,bank_timeout,499.0,HIST-0046,True
mandate_failure,Riya Gupta,riya.gupta786@example.com,+913413454384,2,0,0,90.0,-12,False,False,bank_timeout,499.0,HIST-0047,True
mandate_failure,Arjun Mehta,arjun.mehta269@example.com,+917224734010,2,0,0,29.0,-14,False,False,bank_timeout,99.0,HIST-0048,False
mandate_failure,Diya Khan,diya.khan173@example.com,+916206803767,0,0,0,67.0,-8,False,False,insufficient_funds,999.0,HIST-0049,True
mandate_failure,Aditya Reddy,aditya.reddy501@example.com,+918084632661,2,0,0,48.0,4,False,False,insufficient_funds,999.0,HIST-0050,False
mandate_failure,Aarav Rao,aarav.rao525@example.com,+914161378885,2,0,0,34.0,5,False,False,bank_timeout,1499.0,HIST-0051,True
mandate_failure,Vikram Reddy,vikram.reddy328@example.com,+910760344812,2,0,0,69.0,-14,False,False,risk_block,199.0,HIST-0052,False
mandate_failure,Ananya Iyer,ananya.iyer490@example.com,+918564002277,1,0,0,72.0,-3,False,False,do_not_honor,499.0,HIST-0053,False
mandate_failure,Karan Sharma,karan.sharma724@example.com,+913647387244,1,0,0,55.0,0,False,False,risk_block,1499.0,HIST-0054,False
mandate_failure,Rahul Verma,rahul.verma849@example.com,+913354744003,1,0,0,36.0,-3,False,False,risk_block,999.0,HIST-0055,False
mandate_failure,Rohan Iyer,rohan.iyer259@example.com,+910586432155,0,0,0,61.0,6,False,False,insufficient_funds,99.0,HIST-0056,False
mandate_failure,Karan Singh,karan.singh620@example.com,+917486584628,2,0,0,32.0,-13,False,False,bank_timeout,499.0,HIST-0057,False
mandate_failure,Vikram Khan,vikram.khan649@example.com,+914853808127,1,0,0,24.0,-5,True,False,bank_timeout,1499.0,HIST-0058,False
mandate_failure,Ishaan Mehta,ishaan.mehta776@example.com,+918478742823,0,0,0,63.0,-9,False,False,bank_timeout,999.0,HIST-0059,False
mandate_failure,Diya Das,diya.das444@example.com,+917200380308,1,0,0,24.0,8,False,False,bank_timeout,999.0,HIST-0060,False
mandate_failure,Sneha Reddy,sneha.reddy800@example.com,+913082052730,2,0,0,26.0,1,False,False,do_not_honor,199.0,HIST-0061,False
mandate_failure,Riya Das,riya.das610@example.com,+916223743778,1,0,0,32.0,-3,False,False,do_not_honor,299.0,HIST-0062,False
mandate_failure,Diya Das,diya.das188@example.com,+916063463748,1,0,0,33.0,1,False,False,insufficient_funds,1499.0,HIST-0063,True
mandate_failure,Priya Pillai,priya.pillai854@example.com,+916650348143,0,0,0,49.0,-13,True,False,insufficient_funds,99.0,HIST-0064,False
mandate_failure,Ananya Nair,ananya.nair453@example.com,+918573437886,0,0,0,88.0,-5,False,False,do_not_honor,2999.0,HIST-0065,False
mandate_failure,Neha Nair,neha.nair890@example.com,+918248615550,0,0,0,36.0,-6,False,False,insufficient_funds,299.0,HIST-0066,False
mandate_failure,Priya Sharma,priya.sharma283@example.com,+910527575374,2,0,0,82.0,-8,False,False,risk_block,999.0,HIST-0067,False
mandate_failure,Diya Singh,diya.singh470@example.com,+911152035287,0,0,0,91.0,-14,False,False,insufficient_funds,499.0,HIST-0068,False
mandate_failure,Isha Nair,isha.nair41@example.com,+910250842472,0,0,0,51.0,4,False,False,insufficient_funds,1499.0,HIST-0069,False
mandate_failure,Sneha Kapoor,sneha.kapoor449@example.com,+911824323102,0,0,0,31.0,-15,False,False,risk_block,99.0,HIST-0070,False
mandate_failure,Aditya Sharma,aditya.sharma333@example.com,+913347474222,1,0,0,73.0,11,False,False,insufficient_funds,2999.0,HIST-0071,False
mandate_failure,Arjun Nair,arjun.nair247@example.com,+918404476115,0,0,0,30.0,13,False,False,insufficient_funds,99.0,HIST-0072,False
mandate_failure,Aarav Singh,aarav.singh32@example.com,+911065420525,0,0,0,85.0,-7,False,False,bank_timeout,499.0,HIST-0073,False
mandate_failure,Sara Iyer,sara.iyer895@example.com,+916872228548,0,0,0,76.0,-4,False,False,risk_block,999.0,HIST-0074,False
mandate_failure,Vikram Mehta,vikram.mehta798@example.com,+911521435270,1,0,0,25.0,-4,False,False,insufficient_funds,1499.0,HIST-0075,True
mandate_failure,Riya Rao,riya.rao844@example.com,+916267218152,2,0,0,28.0,6,False,False,insufficient_funds,99.0,HIST-0076,True
mandate_failure,Priya Verma,priya.verma990@example.com,+912080485531,2,0,0,62.0,-3,False,False,risk_block,99.0,HIST-0077,False
mandate_failure,Priya Gupta,priya.gupta721@example.com,+910451235871,0,0,0,85.0,-8,False,False,do_not_honor,99.0,HIST-0078,False
mandate_failure,Sneha Joshi,sneha.joshi610@example.com,+911443664665,2,0,0,54.0,-11,False,False,bank_timeout,1499.0,HIST-0079,False
mandate_failure,Rahul Sharma,rahul.sharma36@example.com,+917343380685,1,0,0,49.0,-11,False,False,bank_timeout,299.0,HIST-0080,False
mandate_failure,Isha Kapoor,isha.kapoor200@example.com,+918788213476,1,0,0,61.0,-3,False,False,risk_block,999.0,HIST-0081,False
mandate_failure,Riya Rao,riya.rao533@example.com,+917853078677,0,0,0,55.0,-9,True,False,insufficient_funds,1499.0,HIST-0082,False
mandate_failure,Arjun Iyer,arjun.iyer978@example.com,+918376875352,1,0,0,53.0,-4,False,False,do_not_honor,499.0,HIST-0083,False
mandate_failure,Neha Pillai,neha.pillai504@example.com,+914013333612,0,0,0,25.0,-5,False,False,bank_timeout,199.0,HIST-0084,True
mandate_failure,Isha Iyer,isha.iyer99@example.com,+914657324181,1,0,0,42.0,-1,True,False,do_not_honor,99.0,HIST-0085,False
mandate_failure,Aarav Khan,aarav.khan90@example.com,+918256470221,0,0,0,79.0,12,False,False,bank_timeout,299.0,HIST-0086,True
mandate_failure,Rahul Joshi,rahul.joshi981@example.com,+913850318224,2,0,0,68.0,8,False,False,insufficient_funds,1499.0,HIST-0087,True
mandate_failure,Aditya Iyer,aditya.iyer82@example.com,+912410735466,2,0,0,31.0,-3,False,False,insufficient_funds,299.0,HIST-0088,True
mandate_failure,Pooja Sharma,pooja.sharma207@example.com,+915831286032,0,0,0,53.0,5,False,False,bank_timeout,999.0,HIST-0089,False
mandate_failure,Priya Gupta,priya.gupta878@example.com,+916175763446,0,0,0,26.0,-11,False,False,insufficient_funds,199.0,HIST-0090,True
mandate_failure,Rahul Sharma,rahul.sharma776@example.com,+912424443473,0,0,0,92.0,-10,False,False,insufficient_funds,299.0,HIST-0091,False
mandate_failure,Vikram Pillai,vikram.pillai147@example.com,+911348112703,0,0,0,89.0,-6,False,False,risk_block,99.0,HIST-0092,False
mandate_failure,Karan Pillai,karan.pillai400@example.com,+914451781776,0,0,0,90.0,10,False,False,do_not_honor,1499.0,HIST-0093,False
mandate_failure,Neha Sharma,neha.sharma930@example.com,+913075506577,1,0,0,44.0,-2,True,False,risk_block,199.0,HIST-0094,False
mandate_failure,Karan Mehta,karan.mehta992@example.com,+912270347131,1,0,0,90.0,-11,False,False,do_not_honor,499.0,HIST-0095,False
mandate_failure,Meera Rao,meera.rao719@example.com,+914255504584,0,0,0,95.0,6,True,False,insufficient_funds,299.0,HIST-0096,False
mandate_failure,Vikram Pillai,vikram.pillai449@example.com,+912866284465,2,0,0,50.0,7,False,False,insufficient_funds,299.0,HIST-0097,False
mandate_failure,Kabir Reddy,kabir.reddy893@example.com,+915165468231,2,0,0,57.0,-3,False,False,insufficient_funds,999.0,HIST-0098,False
mandate_failure,Meera Singh,meera.singh92@example.com,+912615652072,2,0,0,85.0,14,False,False,insufficient_funds,199.0,HIST-0099,False
mandate_failure,Rahul Kapoor,rahul.kapoor172@example.com,+911726122268,2,0,0,63.0,1,False,False,insufficient_funds,2999.0,HIST-0100,True
mandate_failure,Arjun Joshi,arjun.joshi609@example.com,+916225026843,0,0,0,52.0,1,False,False,bank_timeout,499.0,HIST-0101,False
mandate_failure,Isha Joshi,isha.joshi362@example.com,+913187722746,2,0,0,82.0,-5,False,False,do_not_honor,499.0,HIST-0102,False
mandate_failure,Ananya Pillai,ananya.pillai923@example.com,+912788068626,1,0,0,41.0,6,False,False,do_not_honor,999.0,HIST-0103,False
mandate_failure,Karan Nair,karan.nair305@example.com,+912453321572,1,0,0,26.0,-15,False,False,insufficient_funds,2999.0,HIST-0104,False
mandate_failure,Rohan Verma,rohan.verma838@example.com,+912166511348,0,0,0,54.0,-15,False,False,insufficient_funds,2999.0,HIST-0105,False
mandate_failure,Sneha Pillai,sneha.pillai290@example.com,+918508157224,1,0,0,75.0,-12,False,False,bank_timeout,2999.0,HIST-0106,True
mandate_failure,Vikram Iyer,vikram.iyer423@example.com,+914424267508,1,0,0,30.0,-12,False,False,risk_block,99.0,HIST-0107,False
mandate_failure,Ishaan Pillai,ishaan.pillai320@example.com,+912241310366,2,0,0,89.0,10,False,False,bank_timeout,299.0,HIST-0108,False
mandate_failure,Vikram Reddy,vikram.reddy321@example.com,+912667141821,0,0,0,35.0,-5,False,False,risk_block,2999.0,HIST-0109,False
mandate_failure,Diya Sharma,diya.sharma510@example.com,+910200376003,1,0,0,25.0,-10,False,False,bank_timeout,999.0,HIST-0110,False
mandate_failure,Ishaan Gupta,ishaan.gupta822@example.com,+914447003346,2,0,0,60.0,-9,False,False,insufficient_funds,299.0,HIST-0111,False
mandate_failure,Arjun Khan,arjun.khan309@example.com,+913315156816,0,0,0,27.0,-10,False,False,insufficient_funds,99.0,HIST-0112,True
mandate_failure,Vikram Kapoor,vikram.kapoor989@example.com,+917185148317,2,0,0,37.0,-1,False,False,risk_block,2999.0,HIST-0113,False
mandate_failure,Sara Kapoor,sara.kapoor945@example.com,+912260564373,1,0,0,91.0,-14,False,False,insufficient_funds,999.0,HIST-0114,False
mandate_failure,Karan Joshi,karan.joshi260@example.com,+912326073513,1,0,0,46.0,-10,False,False,insufficient_funds,99.0,HIST-0115,False
mandate_failure,Karan Kapoor,karan.kapoor843@example.com,+910300158657,0,0,0,83.0,-1,False,False,risk_block,199.0,HIST-0116,False
mandate_failure,Sara Khan,sara.khan60@example.com,+913145412601,0,0,0,54.0,-12,False,False,insufficient_funds,299.0,HIST-0117,False
mandate_failure,Vivaan Verma,vivaan.verma651@example.com,+917123320433,1,0,0,81.0,-9,False,False,do_not_honor,199.0,HIST-0118,True
mandate_failure,Sneha Kapoor,sneha.kapoor100@example.com,+916001453117,2,0,0,61.0,6,False,False,bank_timeout,99.0,HIST-0119,False
mandate_failure,Meera Sharma,meera.sharma210@example.com,+913024805878,0,0,0,62.0,0,False,False,risk_block,199.0,HIST-0120,False
mandate_failure,Sara Pillai,sara.pillai380@example.com,+917375415211,2,0,0,66.0,-15,False,False,insufficient_funds,1499.0,HIST-0121,False
mandate_failure,Riya Reddy,riya.reddy439@example.com,+913753878636,2,0,0,51.0,2,False,False,do_not_honor,299.0,HIST-0122,False
mandate_failure,Sara Nair,sara.nair554@example.com,+913283034021,1,0,0,39.0,11,False,False,bank_timeout,2999.0,HIST-0123,False
mandate_failure,Pooja Rao,pooja.rao532@example.com,+912478815068,2,0,0,31.0,-3,False,False,risk_block,99.0,HIST-0124,False
mandate_failure,Rahul Pillai,rahul.pillai5@example.com,+915086850036,1,0,0,57.0,-9,True,False,risk_block,199.0,HIST-0125,False
mandate_failure,Neha Singh,neha.singh935@example.com,+912778375026,0,0,0,39.0,0,False,False,bank_timeout,199.0,HIST-0126,True
mandate_failure,Aditya Verma,aditya.verma962@example.com,+917771858753,2,0,0,58.0,0,False,False,insufficient_funds,299.0,HIST-0127,False
mandate_failure,Karan Pillai,karan.pillai728@example.com,+915838313117,0,0,0,74.0,-7,False,False,bank_timeout,1499.0,HIST-0128,False
mandate_failure,Rohan Sharma,rohan.sharma24@example.com,+918444365156,1,0,0,26.0,-11,False,False,insufficient_funds,1499.0,HIST-0129,False
mandate_failure,Isha Mehta,isha.mehta930@example.com,+911415143104,0,0,0,53.0,10,False,False,insufficient_funds,2999.0,HIST-0130,False
mandate_failure,Isha Joshi,isha.joshi651@example.com,+918775331330,2,0,0,93.0,-1,True,False,do_not_honor,299.0,HIST-0131,False
mandate_failure,Ananya Kapoor,ananya.kapoor545@example.com,+912483028678,0,0,0,91.0,10,False,False,insufficient_funds,99.0,HIST-0132,False
mandate_failure,Priya Sharma,priya.sharma914@example.com,+917563748018,0,0,0,44.0,0,False,False,insufficient_funds,1499.0,HIST-0133,True
mandate_failure,Priya Verma,priya.verma673@example.com,+917164718573,2,0,0,45.0,9,False,False,insufficient_funds,2999.0,HIST-0134,False
mandate_failure,Aditya Pillai,aditya.pillai898@example.com,+911836644473,1,0,0,30.0,-12,False,False,insufficient_funds,199.0,HIST-0135,True
mandate_failure,Neha Rao,neha.rao724@example.com,+914187500217,2,0,0,51.0,-9,False,False,risk_block,199.0,HIST-0136,False
mandate_failure,Aditya Das,aditya.das976@example.com,+910250318011,2,0,0,62.0,-7,False,False,do_not_honor,299.0,HIST-0137,False
mandate_failure,Pooja Iyer,pooja.iyer507@example.com,+917755758131,1,0,0,68.0,-2,False,False,insufficient_funds,99.0,HIST-0138,False
mandate_failure,Rahul Nair,rahul.nair770@example.com,+911431521516,0,0,0,75.0,8,False,False,insufficient_funds,1499.0,HIST-0139,False
mandate_failure,Arjun Pillai,arjun.pillai762@example.com,+911705444048,0,0,0,60.0,0,False,False,risk_block,499.0,HIST-0140,False
mandate_failure,Sara Pillai,sara.pillai67@example.com,+916522655058,2,0,0,58.0,-7,False,False,do_not_honor,499.0,HIST-0141,False
mandate_failure,Vikram Singh,vikram.singh719@example.com,+915678345176,1,0,0,80.0,5,False,False,insufficient_funds,999.0,HIST-0142,False
mandate_failure,Riya Kapoor,riya.kapoor371@example.com,+915357340644,2,0,0,33.0,-5,False,False,insufficient_funds,999.0,HIST-0143,False
mandate_failure,Kabir Joshi,kabir.joshi114@example.com,+916286250087,1,0,0,47.0,-6,False,False,insufficient_funds,199.0,HIST-0144,True
mandate_failure,Aditya Rao,aditya.rao760@example.com,+911671637471,0,0,0,33.0,-4,False,False,insufficient_funds,199.0,HIST-0145,False
mandate_failure,Vikram Kapoor,vikram.kapoor149@example.com,+910342756071,0,0,0,48.0,-8,False,False,bank_timeout,499.0,HIST-0146,True
mandate_failure,Kabir Gupta,kabir.gupta467@example.com,+913362861212,1,0,0,45.0,6,False,False,insufficient_funds,99.0,HIST-0147,False
mandate_failure,Rahul Gupta,rahul.gupta539@example.com,+916083455075,1,0,0,83.0,12,False,False,do_not_honor,2999.0,HIST-0148,False
mandate_failure,Rahul Reddy,rahul.reddy461@example.com,+916060544443,1,0,0,84.0,4,False,False,do_not_honor,1499.0,HIST-0149,True
mandate_failure,Arjun Gupta,arjun.gupta197@example.com,+917076867181,2,0,0,83.0,-7,False,False,insufficient_funds,299.0,HIST-0150,False
mandate_failure,Karan Khan,karan.khan344@example.com,+918552112160,1,0,0,84.0,-14,False,False,risk_block,1499.0,HIST-0151,False
mandate_failure,Riya Iyer,riya.iyer739@example.com,+911278288612,1,0,0,93.0,-8,False,False,bank_timeout,999.0,HIST-0152,False
mandate_failure,Diya Mehta,diya.mehta265@example.com,+910383626656,2,0,0,39.0,11,True,False,insufficient_funds,1499.0,HIST-0153,False
mandate_failure,Neha Mehta,neha.mehta363@example.com,+918701184676,1,0,0,35.0,8,False,False,insufficient_funds,99.0,HIST-0154,False
mandate_failure,Kabir Iyer,kabir.iyer196@example.com,+915334674566,1,0,0,53.0,5,False,False,risk_block,199.0,HIST-0155,False
mandate_failure,Vivaan Gupta,vivaan.gupta992@example.com,+916068034111,0,0,0,37.0,-7,False,False,do_not_honor,199.0,HIST-0156,False
mandate_failure,Pooja Mehta,pooja.mehta802@example.com,+915252122108,0,0,0,84.0,-3,False,False,insufficient_funds,2999.0,HIST-0157,False
mandate_failure,Diya Sharma,diya.sharma85@example.com,+911753711385,0,0,0,61.0,-8,False,False,bank_timeout,1499.0,HIST-0158,True
mandate_failure,Vivaan Mehta,vivaan.mehta306@example.com,+910546511718,1,0,0,87.0,-14,False,False,bank_timeout,2999.0,HIST-0159,True
mandate_failure,Isha Rao,isha.rao47@example.com,+917165231822,1,0,0,85.0,3,False,False,do_not_honor,499.0,HIST-0160,False
mandate_failure,Kabir Pillai,kabir.pillai912@example.com,+917266262471,2,0,0,75.0,-15,False,False,bank_timeout,499.0,HIST-0161,True
mandate_failure,Priya Pillai,priya.pillai392@example.com,+913355408105,0,0,0,61.0,-7,False,False,risk_block,299.0,HIST-0162,False
mandate_failure,Pooja Joshi,pooja.joshi979@example.com,+914772261325,2,0,0,25.0,14,False,False,bank_timeout,2999.0,HIST-0163,True
mandate_failure,Rahul Kapoor,rahul.kapoor320@example.com,+915544043776,1,0,0,86.0,14,False,False,insufficient_funds,99.0,HIST-0164,False
mandate_failure,Vivaan Mehta,vivaan.mehta258@example.com,+914726672144,0,0,0,40.0,9,True,False,bank_timeout,1499.0,HIST-0165,False
mandate_failure,Rohan Pillai,rohan.pillai442@example.com,+916053684041,0,0,0,25.0,-9,False,False,do_not_honor,499.0,HIST-0166,False
mandate_failure,Sneha Sharma,sneha.sharma349@example.com,+918511281868,0,0,0,39.0,-6,False,False,insufficient_funds,1499.0,HIST-0167,False
mandate_failure,Priya Verma,priya.verma380@example.com,+910080001476,0,0,0,53.0,4,False,False,bank_timeout,999.0,HIST-0168,True
mandate_failure,Sneha Khan,sneha.khan522@example.com,+918634631401,0,0,0,35.0,-2,False,False,bank_timeout,1499.0,HIST-0169,True
mandate_failure,Pooja Singh,pooja.singh688@example.com,+912865770761,1,0,0,70.0,6,False,False,insufficient_funds,299.0,HIST-0170,True
mandate_failure,Rahul Pillai,rahul.pillai568@example.com,+912234254515,2,0,0,72.0,4,False,False,insufficient_funds,299.0,HIST-0171,False
mandate_failure,Karan Verma,karan.verma750@example.com,+914033082237,2,0,0,57.0,10,False,False,insufficient_funds,1499.0,HIST-0172,True
mandate_failure,Aditya Pillai,aditya.pillai472@example.com,+914405688484,2,0,0,29.0,-12,False,False,do_not_honor,2999.0,HIST-0173,False
mandate_failure,Riya Khan,riya.khan514@example.com,+918345488445,0,0,0,66.0,-13,False,False,insufficient_funds,199.0,HIST-0174,True
mandate_failure,Aarav Reddy,aarav.reddy768@example.com,+914660158108,1,0,0,47.0,-9,False,False,insufficient_funds,299.0,HIST-0175,False
mandate_failure,Rohan Reddy,rohan.reddy290@example.com,+916122884164,2,0,0,76.0,-9,False,False,risk_block,1499.0,HIST-0176,False
mandate_failure,Diya Kapoor,diya.kapoor263@example.com,+915568080435,2,0,0,38.0,-6,False,False,risk_block,299.0,HIST-0177,False
mandate_failure,Riya Singh,riya.singh225@example.com,+912832848885,0,0,0,69.0,-6,False,False,insufficient_funds,1499.0,HIST-0178,False
mandate_failure,Aditya Iyer,aditya.iyer505@example.com,+915533667332,0,0,0,85.0,1,False,False,insufficient_funds,499.0,HIST-0179,True
mandate_failure,Vivaan Gupta,vivaan.gupta105@example.com,+916841082112,2,0,0,24.0,-13,False,False,insufficient_funds,999.0,HIST-0180,True
mandate_failure,Vivaan Singh,vivaan.singh22@example.com,+910701452463,2,0,0,88.0,4,True,False,insufficient_funds,499.0,HIST-0181,False
mandate_failure,Aditya Iyer,aditya.iyer593@example.com,+918346181751,2,0,0,86.0,14,False,False,do_not_honor,1499.0,HIST-0182,False
mandate_failure,Sara Das,sara.das477@example.com,+916362600346,1,0,0,70.0,1,False,False,insufficient_funds,299.0,HIST-0183,True
mandate_failure,Karan Rao,karan.rao522@example.com,+917160074556,2,0,0,65.0,-9,False,False,insufficient_funds,199.0,HIST-0184,False
mandate_failure,Sara Verma,sara.verma177@example.com,+911758315840,2,0,0,24.0,0,False,False,risk_block,499.0,HIST-0185,False
mandate_failure,Arjun Pillai,arjun.pillai196@example.com,+918281470070,1,0,0,69.0,-3,False,False,do_not_honor,999.0,HIST-0186,True
mandate_failure,Neha Kapoor,neha.kapoor739@example.com,+916066174464,2,0,0,76.0,-11,False,False,insufficient_funds,2999.0,HIST-0187,False
mandate_failure,Isha Iyer,isha.iyer377@example.com,+911645846018,0,0,0,80.0,11,False,False,insufficient_funds,2999.0,HIST-0188,True
mandate_failure,Ananya Khan,ananya.khan925@example.com,+911206584140,1,0,0,29.0,-6,False,False,bank_timeout,2999.0,HIST-0189,True
mandate_failure,Pooja Rao,pooja.rao140@example.com,+912430764270,0,0,0,37.0,5,False,False,risk_block,499.0,HIST-0190,False
mandate_failure,Ishaan Kapoor,ishaan.kapoor489@example.com,+912121161042,1,0,0,53.0,6,False,False,insufficient_funds,199.0,HIST-0191,True
mandate_failure,Diya Gupta,diya.gupta425@example.com,+910652325603,1,0,0,47.0,-1,False,False,insufficient_funds,99.0,HIST-0192,False
mandate_failure,Kabir Sharma,kabir.sharma378@example.com,+917415105463,0,0,0,80.0,-12,False,False,insufficient_funds,1499.0,HIST-0193,False
mandate_failure,Rohan Sharma,rohan.sharma978@example.com,+915268267452,2,0,0,50.0,-14,False,False,risk_block,2999.0,HIST-0194,False
mandate_failure,Meera Mehta,meera.mehta147@example.com,+917308100407,1,0,0,94.0,-11,False,False,insufficient_funds,99.0,HIST-0195,False
mandate_failure,Aarav Verma,aarav.verma208@example.com,+910688274004,2,0,0,95.0,0,False,False,risk_block,299.0,HIST-0196,False
mandate_failure,Isha Das,isha.das504@example.com,+916714123773,2,0,0,37.0,-8,False,False,do_not_honor,2999.0,HIST-0197,False
mandate_failure,Priya Sharma,priya.sharma403@example.com,+913516641463,1,0,0,45.0,-5,False,False,insufficient_funds,199.0,HIST-0198,False
mandate_failure,Arjun Kapoor,arjun.kapoor361@example.com,+910705210833,1,0,0,32.0,2,False,False,insufficient_funds,499.0,HIST-0199,True
mandate_failure,Riya Rao,riya.rao344@example.com,+911278825163,1,0,0,61.0,-5,False,False,risk_block,999.0,HIST-0200,False
mandate_failure,Priya Singh,priya.singh533@example.com,+917145300852,0,0,0,41.0,8,False,False,insufficient_funds,2999.0,HIST-0201,True
mandate_failure,Vikram Sharma,vikram.sharma352@example.com,+912218333833,1,0,0,40.0,-15,False,False,insufficient_funds,299.0,HIST-0202,False
mandate_failure,Ananya Joshi,ananya.joshi989@example.com,+913804748206,2,0,0,88.0,-1,False,False,bank_timeout,1499.0,HIST-0203,False
mandate_failure,Ishaan Rao,ishaan.rao713@example.com,+917620840884,0,0,0,33.0,5,False,False,insufficient_funds,1499.0,HIST-0204,False
mandate_failure,Aarav Rao,aarav.rao798@example.com,+917547306283,1,0,0,43.0,-1,False,False,insufficient_funds,999.0,HIST-0205,False
mandate_failure,Sneha Reddy,sneha.reddy49@example.com,+917127883626,1,0,0,50.0,-8,False,False,insufficient_funds,499.0,HIST-0206,False
mandate_failure,Aditya Rao,aditya.rao352@example.com,+915543478268,2,0,0,84.0,2,False,False,bank_timeout,499.0,HIST-0207,True
mandate_failure,Rahul Mehta,rahul.mehta558@example.com,+911272522188,1,0,0,42.0,7,False,False,do_not_honor,99.0,HIST-0208,False
mandate_failure,Vivaan Iyer,vivaan.iyer815@example.com,+910044220531,2,0,0,37.0,-7,False,False,risk_block,199.0,HIST-0209,False
mandate_failure,Ishaan Joshi,ishaan.joshi333@example.com,+916434160686,0,0,0,79.0,-1,False,False,risk_block,499.0,HIST-0210,True
mandate_failure,Rahul Das,rahul.das114@example.com,+915858322364,0,0,0,88.0,2,False,False,insufficient_funds,299.0,HIST-0211,True
mandate_failure,Sara Kapoor,sara.kapoor612@example.com,+910501503554,2,0,0,52.0,8,False,False,risk_block,99.0,HIST-0212,False
mandate_failure,Sneha Singh,sneha.singh320@example.com,+918374427043,1,0,0,38.0,-10,False,False,insufficient_funds,999.0,HIST-0213,False
mandate_failure,Rohan Joshi,rohan.joshi330@example.com,+913236486032,0,0,0,32.0,1,False,False,risk_block,999.0,HIST-0214,False
mandate_failure,Rahul Nair,rahul.nair59@example.com,+916386487400,0,0,0,78.0,6,False,False,do_not_honor,99.0,HIST-0215,False
mandate_failure,Vivaan Rao,vivaan.rao833@example.com,+917558546574,0,0,0,75.0,2,False,False,insufficient_funds,2999.0,HIST-0216,True
mandate_failure,Ananya Rao,ananya.rao648@example.com,+914301836621,2,0,0,79.0,7,False,False,insufficient_funds,499.0,HIST-0217,False
mandate_failure,Diya Nair,diya.nair194@example.com,+918165512526,1,0,0,88.0,-14,False,False,bank_timeout,99.0,HIST-0218,False
mandate_failure,Aarav Pillai,aarav.pillai947@example.com,+912614247302,1,0,0,67.0,-6,False,False,do_not_honor,499.0,HIST-0219,False
mandate_failure,Karan Pillai,karan.pillai825@example.com,+910330163122,2,0,0,68.0,0,True,False,bank_timeout,199.0,HIST-0220,False
mandate_failure,Rahul Pillai,rahul.pillai67@example.com,+910360223821,1,0,0,59.0,-2,False,False,insufficient_funds,99.0,HIST-0221,True
mandate_failure,Priya Reddy,priya.reddy312@example.com,+917216306177,1,0,0,47.0,-13,False,False,do_not_honor,299.0,HIST-0222,False
mandate_failure,Priya Mehta,priya.mehta727@example.com,+918206008767,0,0,0,28.0,12,False,False,insufficient_funds,299.0,HIST-0223,False
mandate_failure,Arjun Gupta,arjun.gupta470@example.com,+914632774048,1,0,0,92.0,10,False,False,insufficient_funds,2999.0,HIST-0224,True
mandate_failure,Vivaan Verma,vivaan.verma885@example.com,+911586627303,1,0,0,47.0,-2,False,False,do_not_honor,199.0,HIST-0225,False
mandate_failure,Pooja Gupta,pooja.gupta864@example.com,+913017715514,0,0,0,55.0,-8,True,False,bank_timeout,999.0,HIST-0226,False
mandate_failure,Priya Verma,priya.verma48@example.com,+912618203600,2,0,0,49.0,11,True,False,do_not_honor,299.0,HIST-0227,False
mandate_failure,Rohan Joshi,rohan.joshi197@example.com,+918823141345,2,0,0,57.0,8,False,False,bank_timeout,999.0,HIST-0228,False
mandate_failure,Sneha Iyer,sneha.iyer247@example.com,+914562724846,1,0,0,62.0,-9,False,False,risk_block,499.0,HIST-0229,False
mandate_failure,Rohan Verma,rohan.verma389@example.com,+912841078610,2,0,0,35.0,-12,False,False,bank_timeout,199.0,HIST-0230,True
mandate_failure,Rahul Verma,rahul.verma69@example.com,+910675260786,0,0,0,74.0,13,False,False,do_not_honor,499.0,HIST-0231,False
mandate_failure,Vivaan Joshi,vivaan.joshi191@example.com,+915336638410,1,0,0,84.0,-1,True,False,do_not_honor,199.0,HIST-0232,False
mandate_failure,Neha Khan,neha.khan404@example.com,+917565355615,1,0,0,62.0,14,False,False,bank_timeout,1499.0,HIST-0233,True
mandate_failure,Pooja Verma,pooja.verma105@example.com,+912748746203,0,0,0,88.0,7,False,False,insufficient_funds,999.0,HIST-0234,False
mandate_failure,Vikram Pillai,vikram.pillai591@example.com,+912364770634,0,0,0,34.0,9,False,False,insufficient_funds,299.0,HIST-0235,False
mandate_failure,Priya Reddy,priya.reddy917@example.com,+918348280230,2,0,0,81.0,8,False,False,insufficient_funds,1499.0,HIST-0236,False
mandate_failure,Vikram Das,vikram.das608@example.com,+918813108887,1,0,0,39.0,4,False,False,do_not_honor,2999.0,HIST-0237,False
mandate_failure,Riya Khan,riya.khan198@example.com,+910566847627,1,0,0,28.0,14,False,False,risk_block,99.0,HIST-0238,False
mandate_failure,Aditya Das,aditya.das462@example.com,+916371206227,0,0,0,63.0,13,False,False,insufficient_funds,99.0,HIST-0239,True
mandate_failure,Kabir Iyer,kabir.iyer398@example.com,+915736528318,2,0,0,42.0,10,False,False,risk_block,2999.0,HIST-0240,False
mandate_failure,Karan Joshi,karan.joshi638@example.com,+914640088517,0,0,0,60.0,10,False,False,insufficient_funds,299.0,HIST-0241,False
mandate_failure,Aarav Khan,aarav.khan519@example.com,+913721473083,2,0,0,63.0,-6,False,False,insufficient_funds,199.0,HIST-0242,False
mandate_failure,Aditya Verma,aditya.verma643@example.com,+916822468022,0,0,0,68.0,10,False,False,do_not_honor,2999.0,HIST-0243,True
mandate_failure,Ishaan Rao,ishaan.rao248@example.com,+914652340604,1,0,0,71.0,-15,False,False,risk_block,999.0,HIST-0244,False
mandate_failure,Neha Khan,neha.khan826@example.com,+913415267781,0,0,0,84.0,-7,False,False,risk_block,299.0,HIST-0245,False
mandate_failure,Arjun Iyer,arjun.iyer353@example.com,+910547311140,1,0,0,80.0,12,False,False,bank_timeout,299.0,HIST-0246,True
mandate_failure,Riya Singh,riya.singh295@example.com,+916840338858,2,0,0,56.0,1,False,False,insufficient_funds,1499.0,HIST-0247,True
mandate_failure,Sara Sharma,sara.sharma102@example.com,+911457275032,1,0,0,46.0,0,False,False,bank_timeout,2999.0,HIST-0248,False
mandate_failure,Pooja Verma,pooja.verma494@example.com,+912137578837,0,0,0,91.0,3,False,False,risk_block,299.0,HIST-0249,False
checkout_abandonment,Ishaan Reddy,ishaan.reddy713@example.com,+915330262805,0,2,0,48.0,0,False,False,cart_abandoned,4022.0,HIST-0250,False
checkout_abandonment,Sneha Mehta,sneha.mehta629@example.com,+916413245127,0,0,0,48.0,0,False,False,cart_abandoned,3084.0,HIST-0251,False
checkout_abandonment,Arjun Rao,arjun.rao825@example.com,+916852722773,0,2,0,48.0,0,False,False,cart_abandoned,5862.0,HIST-0252,False
checkout_abandonment,Pooja Sharma,pooja.sharma664@example.com,+911708132736,0,1,0,48.0,0,False,False,cart_abandoned,631.0,HIST-0253,False
checkout_abandonment,Rahul Das,rahul.das209@example.com,+913354062276,0,2,0,48.0,0,False,False,cart_abandoned,3232.0,HIST-0254,True
checkout_abandonment,Kabir Mehta,kabir.mehta246@example.com,+911457385065,0,1,0,48.0,0,False,False,cart_abandoned,3175.0,HIST-0255,True
checkout_abandonment,Rohan Joshi,rohan.joshi566@example.com,+914234425241,0,2,0,48.0,0,False,False,cart_abandoned,3829.0,HIST-0256,False
checkout_abandonment,Vikram Kapoor,vikram.kapoor745@example.com,+910357572105,0,0,0,48.0,0,False,False,cart_abandoned,5354.0,HIST-0257,False
checkout_abandonment,Pooja Rao,pooja.rao360@example.com,+912661244183,0,0,0,48.0,0,False,False,cart_abandoned,3112.0,HIST-0258,False
checkout_abandonment,Sneha Gupta,sneha.gupta985@example.com,+914711774083,0,2,0,48.0,0,False,False,cart_abandoned,7494.0,HIST-0259,True
checkout_abandonment,Sneha Kapoor,sneha.kapoor672@example.com,+914036756044,0,0,0,48.0,0,False,False,cart_abandoned,7150.0,HIST-0260,False
checkout_abandonment,Ananya Nair,ananya.nair171@example.com,+915578022271,0,2,0,48.0,0,False,False,cart_abandoned,334.0,HIST-0261,False
checkout_abandonment,Isha Gupta,isha.gupta333@example.com,+914483035448,0,0,0,48.0,0,False,False,cart_abandoned,6478.0,HIST-0262,False
checkout_abandonment,Kabir Kapoor,kabir.kapoor410@example.com,+913126772113,0,2,0,48.0,0,False,False,cart_abandoned,4190.0,HIST-0263,False
checkout_abandonment,Sneha Sharma,sneha.sharma707@example.com,+912140342547,0,0,0,48.0,0,False,False,cart_abandoned,1534.0,HIST-0264,True
checkout_abandonment,Aditya Gupta,aditya.gupta706@example.com,+910580274116,0,1,0,48.0,0,False,False,cart_abandoned,6901.0,HIST-0265,False
checkout_abandonment,Sara Rao,sara.rao177@example.com,+911616480820,0,1,0,48.0,0,False,False,cart_abandoned,5819.0,HIST-0266,False
checkout_abandonment,Vikram Verma,vikram.verma81@example.com,+915737874646,0,1,0,48.0,0,False,False,cart_abandoned,4579.0,HIST-0267,False
checkout_abandonment,Meera Kapoor,meera.kapoor750@example.com,+918505200584,0,0,0,48.0,0,False,False,cart_abandoned,3617.0,HIST-0268,False
checkout_abandonment,Riya Sharma,riya.sharma840@example.com,+917821271710,0,2,0,48.0,0,False,False,cart_abandoned,1832.0,HIST-0269,False
checkout_abandonment,Karan Nair,karan.nair655@example.com,+915440241417,0,0,0,48.0,0,False,False,cart_abandoned,916.0,HIST-0270,True
checkout_abandonment,Karan Gupta,karan.gupta351@example.com,+912166266458,0,1,0,48.0,0,False,False,cart_abandoned,3685.0,HIST-0271,True
checkout_abandonment,Aditya Singh,aditya.singh709@example.com,+910462877054,0,2,0,48.0,0,False,False,cart_abandoned,5051.0,HIST-0272,False
checkout_abandonment,Kabir Mehta,kabir.mehta679@example.com,+916638045045,0,0,0,48.0,0,False,False,cart_abandoned,4900.0,HIST-0273,False
checkout_abandonment,Diya Gupta,diya.gupta639@example.com,+912567181001,0,0,0,48.0,0,False,False,cart_abandoned,6998.0,HIST-0274,False
checkout_abandonment,Riya Reddy,riya.reddy40@example.com,+913045426523,0,2,0,48.0,0,False,False,cart_abandoned,957.0,HIST-0275,True
checkout_abandonment,Pooja Nair,pooja.nair674@example.com,+916507888860,0,0,0,48.0,0,False,False,cart_abandoned,3775.0,HIST-0276,True
checkout_abandonment,Ananya Singh,ananya.singh811@example.com,+914611744417,0,2,0,48.0,0,False,False,cart_abandoned,6090.0,HIST-0277,False
checkout_abandonment,Kabir Kapoor,kabir.kapoor952@example.com,+915424350173,0,1,0,48.0,0,False,False,cart_abandoned,3520.0,HIST-0278,False
checkout_abandonment,Meera Rao,meera.rao245@example.com,+916135725006,0,1,0,48.0,0,False,False,cart_abandoned,5779.0,HIST-0279,True
checkout_abandonment,Karan Reddy,karan.reddy277@example.com,+913273246284,0,2,0,48.0,0,False,False,cart_abandoned,5320.0,HIST-0280,False
checkout_abandonment,Meera Iyer,meera.iyer747@example.com,+910483641240,0,1,0,48.0,0,False,False,cart_abandoned,3377.0,HIST-0281,True
checkout_abandonment,Vikram Verma,vikram.verma842@example.com,+913552820658,0,0,0,48.0,0,False,False,cart_abandoned,3716.0,HIST-0282,False
checkout_abandonment,Aarav Khan,aarav.khan250@example.com,+918171121324,0,0,0,48.0,0,False,False,cart_abandoned,4342.0,HIST-0283,True
checkout_abandonment,Ishaan Iyer,ishaan.iyer195@example.com,+910242244213,0,1,0,48.0,0,False,False,cart_abandoned,291.0,HIST-0284,True
checkout_abandonment,Rahul Reddy,rahul.reddy109@example.com,+916111785555,0,2,0,48.0,0,False,False,cart_abandoned,4398.0,HIST-0285,True
checkout_abandonment,Arjun Verma,arjun.verma392@example.com,+918317553133,0,0,0,48.0,0,False,False,cart_abandoned,7456.0,HIST-0286,False
checkout_abandonment,Ishaan Reddy,ishaan.reddy996@example.com,+914365285038,0,1,0,48.0,0,False,False,cart_abandoned,3207.0,HIST-0287,False
checkout_abandonment,Karan Kapoor,karan.kapoor871@example.com,+911441614217,0,0,0,48.0,0,False,False,cart_abandoned,2028.0,HIST-0288,False
checkout_abandonment,Sneha Das,sneha.das35@example.com,+912678407116,0,0,0,48.0,0,False,False,cart_abandoned,4870.0,HIST-0289,False
checkout_abandonment,Priya Joshi,priya.joshi255@example.com,+916354336455,0,2,0,48.0,0,False,False,cart_abandoned,1740.0,HIST-0290,False
checkout_abandonment,Neha Rao,neha.rao881@example.com,+918674626082,0,0,0,48.0,0,False,False,cart_abandoned,5286.0,HIST-0291,False
checkout_abandonment,Priya Pillai,priya.pillai832@example.com,+912178152631,0,1,0,48.0,0,False,False,cart_abandoned,2662.0,HIST-0292,False
checkout_abandonment,Pooja Sharma,pooja.sharma956@example.com,+915781061148,0,1,0,48.0,0,False,False,cart_abandoned,6385.0,HIST-0293,False
checkout_abandonment,Priya Nair,priya.nair688@example.com,+911402268175,0,2,0,48.0,0,False,False,cart_abandoned,7761.0,HIST-0294,False
checkout_abandonment,Ishaan Rao,ishaan.rao591@example.com,+911284327215,0,0,0,48.0,0,False,False,cart_abandoned,7940.0,HIST-0295,False
checkout_abandonment,Diya Khan,diya.khan200@example.com,+915212884371,0,2,0,48.0,0,False,False,cart_abandoned,5265.0,HIST-0296,False
checkout_abandonment,Arjun Gupta,arjun.gupta715@example.com,+915715726065,0,0,0,48.0,0,False,False,cart_abandoned,1621.0,HIST-0297,True
checkout_abandonment,Arjun Gupta,arjun.gupta497@example.com,+910848115578,0,0,0,48.0,0,False,False,cart_abandoned,6592.0,HIST-0298,False
checkout_abandonment,Rohan Das,rohan.das548@example.com,+917504751178,0,0,0,48.0,0,False,False,cart_abandoned,6047.0,HIST-0299,True
checkout_abandonment,Karan Singh,karan.singh639@example.com,+915422600365,0,1,0,48.0,0,False,False,cart_abandoned,4760.0,HIST-0300,True
checkout_abandonment,Ishaan Nair,ishaan.nair80@example.com,+916622284646,0,0,0,48.0,0,False,False,cart_abandoned,4273.0,HIST-0301,False
checkout_abandonment,Sneha Kapoor,sneha.kapoor768@example.com,+918205232333,0,1,0,48.0,0,False,False,cart_abandoned,5964.0,HIST-0302,False
checkout_abandonment,Sara Verma,sara.verma570@example.com,+911231327705,0,1,0,48.0,0,False,False,cart_abandoned,5160.0,HIST-0303,False
checkout_abandonment,Sara Singh,sara.singh378@example.com,+910323218166,0,2,0,48.0,0,False,False,cart_abandoned,4980.0,HIST-0304,True
checkout_abandonment,Aarav Nair,aarav.nair184@example.com,+915583286644,0,2,0,48.0,0,False,False,cart_abandoned,3173.0,HIST-0305,False
checkout_abandonment,Ananya Pillai,ananya.pillai176@example.com,+914256872174,0,2,0,48.0,0,False,False,cart_abandoned,870.0,HIST-0306,False
checkout_abandonment,Karan Sharma,karan.sharma782@example.com,+915574451171,0,0,0,48.0,0,False,False,cart_abandoned,4084.0,HIST-0307,False
checkout_abandonment,Ananya Joshi,ananya.joshi801@example.com,+913121723048,0,1,0,48.0,0,False,False,cart_abandoned,3336.0,HIST-0308,False
checkout_abandonment,Priya Iyer,priya.iyer731@example.com,+910420480746,0,2,0,48.0,0,False,False,cart_abandoned,862.0,HIST-0309,True
checkout_abandonment,Aarav Das,aarav.das657@example.com,+913050562212,0,0,0,48.0,0,False,False,cart_abandoned,999.0,HIST-0310,False
checkout_abandonment,Riya Nair,riya.nair780@example.com,+917642814464,0,2,0,48.0,0,False,False,cart_abandoned,6416.0,HIST-0311,False
checkout_abandonment,Kabir Das,kabir.das170@example.com,+918173814802,0,0,0,48.0,0,False,False,cart_abandoned,760.0,HIST-0312,False
checkout_abandonment,Kabir Joshi,kabir.joshi258@example.com,+911188110866,0,1,0,48.0,0,False,False,cart_abandoned,2395.0,HIST-0313,False
checkout_abandonment,Vivaan Kapoor,vivaan.kapoor579@example.com,+912653108226,0,1,0,48.0,0,False,False,cart_abandoned,2115.0,HIST-0314,False
checkout_abandonment,Arjun Joshi,arjun.joshi656@example.com,+910445116672,0,0,0,48.0,0,False,False,cart_abandoned,7981.0,HIST-0315,False
checkout_abandonment,Riya Iyer,riya.iyer917@example.com,+912727401612,0,0,0,48.0,0,False,False,cart_abandoned,4379.0,HIST-0316,False
checkout_abandonment,Ishaan Joshi,ishaan.joshi688@example.com,+916813284060,0,2,0,48.0,0,False,False,cart_abandoned,2265.0,HIST-0317,True
checkout_abandonment,Aditya Rao,aditya.rao571@example.com,+917500603025,0,1,0,48.0,0,False,False,cart_abandoned,1466.0,HIST-0318,True
checkout_abandonment,Isha Sharma,isha.sharma64@example.com,+912735060617,0,0,0,48.0,0,False,False,cart_abandoned,2439.0,HIST-0319,False
checkout_abandonment,Rohan Sharma,rohan.sharma165@example.com,+915237131420,0,2,0,48.0,0,False,False,cart_abandoned,654.0,HIST-0320,False
checkout_abandonment,Vivaan Rao,vivaan.rao915@example.com,+914268188106,0,1,0,48.0,0,False,False,cart_abandoned,713.0,HIST-0321,False
checkout_abandonment,Vivaan Kapoor,vivaan.kapoor232@example.com,+910014075285,0,0,0,48.0,0,False,False,cart_abandoned,5408.0,HIST-0322,False
checkout_abandonment,Arjun Mehta,arjun.mehta983@example.com,+914630176360,0,1,0,48.0,0,False,False,cart_abandoned,393.0,HIST-0323,False
checkout_abandonment,Karan Pillai,karan.pillai759@example.com,+912747100808,0,0,0,48.0,0,False,False,cart_abandoned,5843.0,HIST-0324,False
checkout_abandonment,Sneha Iyer,sneha.iyer144@example.com,+915221502446,0,1,0,48.0,0,False,False,cart_abandoned,1808.0,HIST-0325,False
checkout_abandonment,Pooja Reddy,pooja.reddy257@example.com,+914505158462,0,2,0,48.0,0,False,False,cart_abandoned,7389.0,HIST-0326,False
checkout_abandonment,Rahul Rao,rahul.rao649@example.com,+914873002010,0,0,0,48.0,0,False,False,cart_abandoned,7850.0,HIST-0327,False
checkout_abandonment,Karan Nair,karan.nair174@example.com,+916878561762,0,1,0,48.0,0,False,False,cart_abandoned,2902.0,HIST-0328,False
checkout_abandonment,Aarav Singh,aarav.singh281@example.com,+910272470626,0,0,0,48.0,0,False,False,cart_abandoned,1585.0,HIST-0329,False
checkout_abandonment,Pooja Singh,pooja.singh980@example.com,+916412534132,0,0,0,48.0,0,False,False,cart_abandoned,985.0,HIST-0330,False
checkout_abandonment,Aditya Reddy,aditya.reddy100@example.com,+914101482223,0,0,0,48.0,0,False,False,cart_abandoned,5766.0,HIST-0331,False
checkout_abandonment,Riya Das,riya.das945@example.com,+915687211752,0,0,0,48.0,0,False,False,cart_abandoned,2829.0,HIST-0332,False
checkout_abandonment,Vikram Joshi,vikram.joshi878@example.com,+912418443284,0,0,0,48.0,0,False,False,cart_abandoned,5430.0,HIST-0333,True
checkout_abandonment,Diya Singh,diya.singh88@example.com,+910722510001,0,0,0,48.0,0,False,False,cart_abandoned,5599.0,HIST-0334,False
checkout_abandonment,Vivaan Sharma,vivaan.sharma477@example.com,+917302418638,0,0,0,48.0,0,False,False,cart_abandoned,2667.0,HIST-0335,False
checkout_abandonment,Rahul Pillai,rahul.pillai313@example.com,+915156656471,0,1,0,48.0,0,False,False,cart_abandoned,3919.0,HIST-0336,True
checkout_abandonment,Aditya Verma,aditya.verma324@example.com,+918055400200,0,0,0,48.0,0,False,False,cart_abandoned,1364.0,HIST-0337,False
checkout_abandonment,Vikram Joshi,vikram.joshi31@example.com,+915130013435,0,2,0,48.0,0,False,False,cart_abandoned,5791.0,HIST-0338,False
checkout_abandonment,Neha Mehta,neha.mehta491@example.com,+912408368474,0,0,0,48.0,0,False,False,cart_abandoned,1145.0,HIST-0339,False
checkout_abandonment,Ishaan Pillai,ishaan.pillai475@example.com,+912427806308,0,0,0,48.0,0,False,False,cart_abandoned,588.0,HIST-0340,False
checkout_abandonment,Aarav Khan,aarav.khan599@example.com,+912018784475,0,0,0,48.0,0,False,False,cart_abandoned,3547.0,HIST-0341,True
checkout_abandonment,Sara Sharma,sara.sharma193@example.com,+916700072208,0,2,0,48.0,0,False,False,cart_abandoned,3528.0,HIST-0342,True
checkout_abandonment,Arjun Verma,arjun.verma800@example.com,+914517830774,0,0,0,48.0,0,False,False,cart_abandoned,4675.0,HIST-0343,True
checkout_abandonment,Vivaan Pillai,vivaan.pillai482@example.com,+912600243133,0,1,0,48.0,0,False,False,cart_abandoned,4244.0,HIST-0344,False
checkout_abandonment,Sneha Singh,sneha.singh292@example.com,+918413673110,0,1,0,48.0,0,False,False,cart_abandoned,5620.0,HIST-0345,False
checkout_abandonment,Sara Kapoor,sara.kapoor828@example.com,+917157623804,0,2,0,48.0,0,False,False,cart_abandoned,1017.0,HIST-0346,False
checkout_abandonment,Aarav Sharma,aarav.sharma329@example.com,+911423558456,0,2,0,48.0,0,False,False,cart_abandoned,1476.0,HIST-0347,False
checkout_abandonment,Sneha Nair,sneha.nair178@example.com,+913257512625,0,0,0,48.0,0,False,False,cart_abandoned,5582.0,HIST-0348,True
checkout_abandonment,Karan Reddy,karan.reddy135@example.com,+913308407701,0,1,0,48.0,0,False,False,cart_abandoned,2973.0,HIST-0349,True
checkout_abandonment,Arjun Reddy,arjun.reddy611@example.com,+910584428021,0,1,0,48.0,0,False,False,cart_abandoned,6943.0,HIST-0350,True
checkout_abandonment,Rahul Kapoor,rahul.kapoor556@example.com,+914156848843,0,0,0,48.0,0,False,False,cart_abandoned,1227.0,HIST-0351,False
checkout_abandonment,Sneha Verma,sneha.verma397@example.com,+916285026787,0,2,0,48.0,0,False,False,cart_abandoned,690.0,HIST-0352,True
checkout_abandonment,Ishaan Verma,ishaan.verma691@example.com,+914570473448,0,2,0,48.0,0,False,False,cart_abandoned,494.0,HIST-0353,False
checkout_abandonment,Vikram Singh,vikram.singh412@example.com,+914327460758,0,1,0,48.0,0,False,False,cart_abandoned,1158.0,HIST-0354,False
checkout_abandonment,Aditya Mehta,aditya.mehta55@example.com,+914252350760,0,2,0,48.0,0,False,False,cart_abandoned,611.0,HIST-0355,False
checkout_abandonment,Diya Das,diya.das499@example.com,+913250331346,0,2,0,48.0,0,False,False,cart_abandoned,782.0,HIST-0356,True
checkout_abandonment,Sneha Kapoor,sneha.kapoor923@example.com,+913765158842,0,0,0,48.0,0,False,False,cart_abandoned,6005.0,HIST-0357,False
checkout_abandonment,Priya Mehta,priya.mehta989@example.com,+912323055226,0,0,0,48.0,0,False,False,cart_abandoned,1584.0,HIST-0358,False
checkout_abandonment,Aarav Das,aarav.das364@example.com,+910713066622,0,2,0,48.0,0,False,False,cart_abandoned,7511.0,HIST-0359,False
checkout_abandonment,Aarav Kapoor,aarav.kapoor812@example.com,+915500018572,0,0,0,48.0,0,False,False,cart_abandoned,7506.0,HIST-0360,True
checkout_abandonment,Rahul Sharma,rahul.sharma21@example.com,+910724473032,0,2,0,48.0,0,False,False,cart_abandoned,5873.0,HIST-0361,False
checkout_abandonment,Vivaan Singh,vivaan.singh71@example.com,+915324278734,0,2,0,48.0,0,False,False,cart_abandoned,3632.0,HIST-0362,False
checkout_abandonment,Neha Khan,neha.khan409@example.com,+913463773818,0,1,0,48.0,0,False,False,cart_abandoned,2423.0,HIST-0363,False
checkout_abandonment,Diya Khan,diya.khan340@example.com,+916078546161,0,0,0,48.0,0,False,False,cart_abandoned,5443.0,HIST-0364,True
checkout_abandonment,Arjun Singh,arjun.singh209@example.com,+915425808745,0,0,0,48.0,0,False,False,cart_abandoned,3016.0,HIST-0365,True
checkout_abandonment,Neha Singh,neha.singh231@example.com,+916663337838,0,1,0,48.0,0,False,False,cart_abandoned,4607.0,HIST-0366,True
checkout_abandonment,Aarav Joshi,aarav.joshi644@example.com,+918605643756,0,0,0,48.0,0,False,False,cart_abandoned,3766.0,HIST-0367,True
checkout_abandonment,Aditya Pillai,aditya.pillai602@example.com,+916182848868,0,2,0,48.0,0,False,False,cart_abandoned,4914.0,HIST-0368,False
checkout_abandonment,Priya Sharma,priya.sharma543@example.com,+917644577053,0,1,0,48.0,0,False,False,cart_abandoned,6415.0,HIST-0369,False
checkout_abandonment,Isha Khan,isha.khan678@example.com,+910813784408,0,0,0,48.0,0,False,False,cart_abandoned,230.0,HIST-0370,False
checkout_abandonment,Sara Sharma,sara.sharma165@example.com,+915627526571,0,0,0,48.0,0,False,False,cart_abandoned,1923.0,HIST-0371,False
checkout_abandonment,Rohan Das,rohan.das732@example.com,+914474212543,0,2,0,48.0,0,False,False,cart_abandoned,3892.0,HIST-0372,True
checkout_abandonment,Isha Iyer,isha.iyer115@example.com,+912747542314,0,0,0,48.0,0,False,False,cart_abandoned,2314.0,HIST-0373,True
checkout_abandonment,Aarav Singh,aarav.singh938@example.com,+914484534465,0,0,0,48.0,0,False,False,cart_abandoned,4081.0,HIST-0374,False
checkout_abandonment,Rahul Das,rahul.das185@example.com,+912827770457,0,0,0,48.0,0,False,False,cart_abandoned,1873.0,HIST-0375,False
checkout_abandonment,Priya Rao,priya.rao997@example.com,+911228422531,0,1,0,48.0,0,False,False,cart_abandoned,6578.0,HIST-0376,False
checkout_abandonment,Diya Rao,diya.rao744@example.com,+911006575356,0,2,0,48.0,0,False,False,cart_abandoned,3250.0,HIST-0377,True
checkout_abandonment,Sneha Singh,sneha.singh991@example.com,+913146732470,0,0,0,48.0,0,False,False,cart_abandoned,2691.0,HIST-0378,True
checkout_abandonment,Vikram Khan,vikram.khan87@example.com,+912048576728,0,1,0,48.0,0,False,False,cart_abandoned,1985.0,HIST-0379,True
checkout_abandonment,Riya Nair,riya.nair264@example.com,+911048138604,0,0,0,48.0,0,False,False,cart_abandoned,1231.0,HIST-0380,False
checkout_abandonment,Ananya Joshi,ananya.joshi199@example.com,+912235324508,0,1,0,48.0,0,False,False,cart_abandoned,7339.0,HIST-0381,False
checkout_abandonment,Neha Kapoor,neha.kapoor440@example.com,+913317228452,0,2,0,48.0,0,False,False,cart_abandoned,2292.0,HIST-0382,False
checkout_abandonment,Sara Iyer,sara.iyer834@example.com,+913635671685,0,0,0,48.0,0,False,False,cart_abandoned,1230.0,HIST-0383,False
checkout_abandonment,Ananya Verma,ananya.verma753@example.com,+918456345205,0,0,0,48.0,0,False,False,cart_abandoned,6594.0,HIST-0384,True
checkout_abandonment,Ananya Gupta,ananya.gupta803@example.com,+914452601751,0,0,0,48.0,0,False,False,cart_abandoned,3566.0,HIST-0385,False
checkout_abandonment,Riya Rao,riya.rao278@example.com,+913232237628,0,2,0,48.0,0,False,False,cart_abandoned,1760.0,HIST-0386,True
checkout_abandonment,Rohan Mehta,rohan.mehta203@example.com,+916270418367,0,0,0,48.0,0,False,False,cart_abandoned,4331.0,HIST-0387,False
checkout_abandonment,Ananya Iyer,ananya.iyer913@example.com,+918482632233,0,1,0,48.0,0,False,False,cart_abandoned,1768.0,HIST-0388,False
checkout_abandonment,Ishaan Pillai,ishaan.pillai380@example.com,+910573756203,0,2,0,48.0,0,False,False,cart_abandoned,7403.0,HIST-0389,False
checkout_abandonment,Pooja Das,pooja.das373@example.com,+912852270060,0,2,0,48.0,0,False,False,cart_abandoned,1450.0,HIST-0390,True
checkout_abandonment,Meera Rao,meera.rao487@example.com,+910160533855,0,1,0,48.0,0,False,False,cart_abandoned,2867.0,HIST-0391,False
checkout_abandonment,Riya Sharma,riya.sharma237@example.com,+915507426832,0,1,0,48.0,0,False,False,cart_abandoned,2465.0,HIST-0392,False
checkout_abandonment,Aarav Khan,aarav.khan25@example.com,+910367023586,0,0,0,48.0,0,False,False,cart_abandoned,4353.0,HIST-0393,True
checkout_abandonment,Vivaan Iyer,vivaan.iyer660@example.com,+912267376671,0,2,0,48.0,0,False,False,cart_abandoned,6091.0,HIST-0394,True
checkout_abandonment,Isha Joshi,isha.joshi753@example.com,+917787363778,0,1,0,48.0,0,False,False,cart_abandoned,4747.0,HIST-0395,False
checkout_abandonment,Priya Joshi,priya.joshi566@example.com,+914671367777,0,1,0,48.0,0,False,False,cart_abandoned,7698.0,HIST-0396,False
checkout_abandonment,Ananya Mehta,ananya.mehta709@example.com,+910648184555,0,0,0,48.0,0,False,False,cart_abandoned,7240.0,HIST-0397,True
checkout_abandonment,Arjun Pillai,arjun.pillai220@example.com,+912468773514,0,0,0,48.0,0,False,False,cart_abandoned,1592.0,HIST-0398,True
checkout_abandonment,Sneha Singh,sneha.singh510@example.com,+910016127762,0,0,0,48.0,0,False,False,cart_abandoned,4681.0,HIST-0399,True
checkout_abandonment,Sneha Verma,sneha.verma743@example.com,+914641654334,0,0,0,48.0,0,False,False,cart_abandoned,2167.0,HIST-0400,False
checkout_abandonment,Diya Sharma,diya.sharma926@example.com,+912118423022,0,0,0,48.0,0,False,False,cart_abandoned,6445.0,HIST-0401,False
checkout_abandonment,Meera Singh,meera.singh832@example.com,+914232525583,0,1,0,48.0,0,False,False,cart_abandoned,7693.0,HIST-0402,True
checkout_abandonment,Riya Kapoor,riya.kapoor817@example.com,+914734465076,0,2,0,48.0,0,False,False,cart_abandoned,925.0,HIST-0403,False
checkout_abandonment,Riya Verma,riya.verma491@example.com,+917283234681,0,1,0,48.0,0,False,False,cart_abandoned,7685.0,HIST-0404,False
checkout_abandonment,Ishaan Das,ishaan.das349@example.com,+915601620071,0,1,0,48.0,0,False,False,cart_abandoned,893.0,HIST-0405,True
checkout_abandonment,Ishaan Kapoor,ishaan.kapoor544@example.com,+915475302102,0,0,0,48.0,0,False,False,cart_abandoned,1732.0,HIST-0406,True
checkout_abandonment,Rohan Mehta,rohan.mehta178@example.com,+912001457558,0,2,0,48.0,0,False,False,cart_abandoned,2119.0,HIST-0407,False
checkout_abandonment,Rahul Mehta,rahul.mehta839@example.com,+911751063238,0,0,0,48.0,0,False,False,cart_abandoned,3479.0,HIST-0408,False
checkout_abandonment,Diya Iyer,diya.iyer685@example.com,+917756350450,0,2,0,48.0,0,False,False,cart_abandoned,4431.0,HIST-0409,False
checkout_abandonment,Kabir Mehta,kabir.mehta286@example.com,+912127855543,0,2,0,48.0,0,False,False,cart_abandoned,5005.0,HIST-0410,True
checkout_abandonment,Meera Mehta,meera.mehta470@example.com,+912203668067,0,0,0,48.0,0,False,False,cart_abandoned,3547.0,HIST-0411,True
checkout_abandonment,Kabir Kapoor,kabir.kapoor861@example.com,+915450508843,0,1,0,48.0,0,False,False,cart_abandoned,5885.0,HIST-0412,True
checkout_abandonment,Arjun Mehta,arjun.mehta236@example.com,+910243428373,0,1,0,48.0,0,False,False,cart_abandoned,3604.0,HIST-0413,False
checkout_abandonment,Diya Gupta,diya.gupta379@example.com,+917136630047,0,2,0,48.0,0,False,False,cart_abandoned,322.0,HIST-0414,True
checkout_abandonment,Riya Sharma,riya.sharma344@example.com,+911842250215,0,1,0,48.0,0,False,False,cart_abandoned,5386.0,HIST-0415,False
checkout_abandonment,Ishaan Reddy,ishaan.reddy842@example.com,+911117158531,0,0,0,48.0,0,False,False,cart_abandoned,115.0,HIST-0416,True
checkout_abandonment,Isha Iyer,isha.iyer20@example.com,+917336484674,0,2,0,48.0,0,False,False,cart_abandoned,2345.0,HIST-0417,False
checkout_abandonment,Ananya Sharma,ananya.sharma577@example.com,+918077832417,0,1,0,48.0,0,False,False,cart_abandoned,5340.0,HIST-0418,False
checkout_abandonment,Aditya Kapoor,aditya.kapoor523@example.com,+917885620371,0,0,0,48.0,0,False,False,cart_abandoned,4411.0,HIST-0419,True
checkout_abandonment,Meera Iyer,meera.iyer734@example.com,+917662403460,0,1,0,48.0,0,False,False,cart_abandoned,6521.0,HIST-0420,False
checkout_abandonment,Sneha Mehta,sneha.mehta546@example.com,+916714047723,0,1,0,48.0,0,False,False,cart_abandoned,4457.0,HIST-0421,True
checkout_abandonment,Priya Nair,priya.nair404@example.com,+914843563417,0,0,0,48.0,0,False,False,cart_abandoned,6948.0,HIST-0422,False
checkout_abandonment,Rohan Gupta,rohan.gupta922@example.com,+910125246701,0,2,0,48.0,0,False,False,cart_abandoned,852.0,HIST-0423,False
checkout_abandonment,Riya Mehta,riya.mehta790@example.com,+915246054024,0,0,0,48.0,0,False,False,cart_abandoned,2807.0,HIST-0424,True
checkout_abandonment,Karan Reddy,karan.reddy497@example.com,+917030817125,0,0,0,48.0,0,False,False,cart_abandoned,6667.0,HIST-0425,False
checkout_abandonment,Ananya Das,ananya.das322@example.com,+911607772133,0,1,0,48.0,0,False,False,cart_abandoned,7676.0,HIST-0426,True
checkout_abandonment,Rahul Rao,rahul.rao714@example.com,+911005181860,0,1,0,48.0,0,False,False,cart_abandoned,561.0,HIST-0427,True
checkout_abandonment,Rohan Nair,rohan.nair528@example.com,+911168283303,0,1,0,48.0,0,False,False,cart_abandoned,4033.0,HIST-0428,False
checkout_abandonment,Priya Iyer,priya.iyer432@example.com,+910158518461,0,0,0,48.0,0,False,False,cart_abandoned,4669.0,HIST-0429,False
checkout_abandonment,Karan Iyer,karan.iyer908@example.com,+910516485305,0,0,0,48.0,0,False,False,cart_abandoned,3584.0,HIST-0430,False
checkout_abandonment,Neha Iyer,neha.iyer234@example.com,+910310311408,0,2,0,48.0,0,False,False,cart_abandoned,3820.0,HIST-0431,False
checkout_abandonment,Sneha Pillai,sneha.pillai542@example.com,+913607202206,0,2,0,48.0,0,False,False,cart_abandoned,852.0,HIST-0432,False
checkout_abandonment,Sara Rao,sara.rao339@example.com,+911156238732,0,1,0,48.0,0,False,False,cart_abandoned,2480.0,HIST-0433,True
checkout_abandonment,Neha Iyer,neha.iyer66@example.com,+914713125228,0,0,0,48.0,0,False,False,cart_abandoned,1461.0,HIST-0434,True
checkout_abandonment,Rahul Mehta,rahul.mehta43@example.com,+913524527480,0,2,0,48.0,0,False,False,cart_abandoned,2661.0,HIST-0435,False
checkout_abandonment,Sneha Gupta,sneha.gupta979@example.com,+911323867283,0,2,0,48.0,0,False,False,cart_abandoned,5250.0,HIST-0436,True
checkout_abandonment,Riya Joshi,riya.joshi480@example.com,+915834136514,0,0,0,48.0,0,False,False,cart_abandoned,6514.0,HIST-0437,False
checkout_abandonment,Vivaan Reddy,vivaan.reddy656@example.com,+912774307834,0,2,0,48.0,0,False,False,cart_abandoned,6052.0,HIST-0438,False
checkout_abandonment,Ishaan Kapoor,ishaan.kapoor923@example.com,+916442523233,0,2,0,48.0,0,False,False,cart_abandoned,755.0,HIST-0439,True
checkout_abandonment,Meera Pillai,meera.pillai181@example.com,+916144457271,0,0,0,48.0,0,False,False,cart_abandoned,2414.0,HIST-0440,False
checkout_abandonment,Isha Verma,isha.verma395@example.com,+913748666145,0,0,0,48.0,0,False,False,cart_abandoned,1746.0,HIST-0441,False
checkout_abandonment,Ishaan Singh,ishaan.singh656@example.com,+912667871633,0,1,0,48.0,0,False,False,cart_abandoned,5212.0,HIST-0442,False
checkout_abandonment,Meera Pillai,meera.pillai175@example.com,+910073353501,0,1,0,48.0,0,False,False,cart_abandoned,7463.0,HIST-0443,False
checkout_abandonment,Priya Reddy,priya.reddy335@example.com,+912260244782,0,0,0,48.0,0,False,False,cart_abandoned,4360.0,HIST-0444,True
checkout_abandonment,Karan Iyer,karan.iyer74@example.com,+916140665731,0,0,0,48.0,0,False,False,cart_abandoned,1295.0,HIST-0445,False
checkout_abandonment,Ananya Nair,ananya.nair214@example.com,+915153648325,0,1,0,48.0,0,False,False,cart_abandoned,5304.0,HIST-0446,True
checkout_abandonment,Neha Khan,neha.khan306@example.com,+912860860658,0,1,0,48.0,0,False,False,cart_abandoned,3966.0,HIST-0447,False
checkout_abandonment,Rohan Nair,rohan.nair617@example.com,+917865436227,0,1,0,48.0,0,False,False,cart_abandoned,4757.0,HIST-0448,True
checkout_abandonment,Sneha Pillai,sneha.pillai318@example.com,+914468475733,0,2,0,48.0,0,False,False,cart_abandoned,3437.0,HIST-0449,False
receivable_overdue,Karan Iyer,karan.iyer41@example.com,+914745748567,0,2,5,48.0,0,False,False,invoice_overdue,315274.0,HIST-0450,True
receivable_overdue,Ishaan Mehta,ishaan.mehta344@example.com,+910140766175,0,2,1,48.0,0,False,True,invoice_overdue,198290.0,HIST-0451,False
receivable_overdue,Vivaan Reddy,vivaan.reddy511@example.com,+914320006730,0,1,88,48.0,0,False,False,invoice_overdue,210760.0,HIST-0452,False
receivable_overdue,Rohan Khan,rohan.khan471@example.com,+914650038006,0,1,21,48.0,0,False,False,invoice_overdue,228207.0,HIST-0453,False
receivable_overdue,Karan Gupta,karan.gupta526@example.com,+917231502608,0,2,36,48.0,0,False,False,invoice_overdue,205056.0,HIST-0454,False
receivable_overdue,Sneha Pillai,sneha.pillai200@example.com,+916282267153,0,4,50,48.0,0,False,False,invoice_overdue,307821.0,HIST-0455,False
receivable_overdue,Riya Das,riya.das184@example.com,+916617634488,0,0,59,48.0,0,False,True,invoice_overdue,404383.0,HIST-0456,False
receivable_overdue,Priya Sharma,priya.sharma946@example.com,+914203684578,0,2,89,48.0,0,False,True,invoice_overdue,143498.0,HIST-0457,False
receivable_overdue,Vivaan Das,vivaan.das672@example.com,+911806107700,0,3,3,48.0,0,False,False,invoice_overdue,309141.0,HIST-0458,True
receivable_overdue,Ananya Iyer,ananya.iyer680@example.com,+910446166230,0,0,24,48.0,0,False,False,invoice_overdue,227430.0,HIST-0459,False
receivable_overdue,Vivaan Iyer,vivaan.iyer83@example.com,+916301826412,0,1,67,48.0,0,False,True,invoice_overdue,11976.0,HIST-0460,False
receivable_overdue,Vikram Gupta,vikram.gupta566@example.com,+917657185326,0,0,62,48.0,0,False,False,invoice_overdue,488219.0,HIST-0461,False
receivable_overdue,Kabir Rao,kabir.rao706@example.com,+910514377445,0,3,57,48.0,0,False,False,invoice_overdue,329376.0,HIST-0462,False
receivable_overdue,Ishaan Khan,ishaan.khan461@example.com,+914463247208,0,4,54,48.0,0,False,False,invoice_overdue,101906.0,HIST-0463,False
receivable_overdue,Diya Iyer,diya.iyer153@example.com,+911440760705,0,4,45,48.0,0,False,True,invoice_overdue,235258.0,HIST-0464,False
receivable_overdue,Neha Pillai,neha.pillai728@example.com,+917324786642,0,4,45,48.0,0,False,False,invoice_overdue,214343.0,HIST-0465,False
receivable_overdue,Aarav Rao,aarav.rao507@example.com,+918441767017,0,2,46,48.0,0,False,False,invoice_overdue,25822.0,HIST-0466,False
receivable_overdue,Sneha Nair,sneha.nair587@example.com,+916808315710,0,0,84,48.0,0,False,False,invoice_overdue,448820.0,HIST-0467,False
receivable_overdue,Isha Gupta,isha.gupta578@example.com,+918851020106,0,4,47,48.0,0,False,False,invoice_overdue,296996.0,HIST-0468,False
receivable_overdue,Ananya Khan,ananya.khan175@example.com,+915842674261,0,1,29,48.0,0,False,True,invoice_overdue,498668.0,HIST-0469,True
receivable_overdue,Ananya Verma,ananya.verma391@example.com,+914136805047,0,1,21,48.0,0,False,False,invoice_overdue,400029.0,HIST-0470,False
receivable_overdue,Diya Sharma,diya.sharma444@example.com,+915387707635,0,2,81,48.0,0,False,False,invoice_overdue,412998.0,HIST-0471,False
receivable_overdue,Riya Sharma,riya.sharma816@example.com,+911842006372,0,0,84,48.0,0,False,False,invoice_overdue,460579.0,HIST-0472,False
receivable_overdue,Rohan Sharma,rohan.sharma874@example.com,+914076020807,0,4,52,48.0,0,False,True,invoice_overdue,258078.0,HIST-0473,False
receivable_overdue,Aarav Verma,aarav.verma682@example.com,+915024638864,0,2,65,48.0,0,False,False,invoice_overdue,439201.0,HIST-0474,False
receivable_overdue,Neha Iyer,neha.iyer998@example.com,+910655048267,0,1,46,48.0,0,False,False,invoice_overdue,476339.0,HIST-0475,False
receivable_overdue,Karan Rao,karan.rao709@example.com,+912648588865,0,2,35,48.0,0,False,False,invoice_overdue,63474.0,HIST-0476,False
receivable_overdue,Meera Iyer,meera.iyer715@example.com,+913027134018,0,0,19,48.0,0,False,False,invoice_overdue,297316.0,HIST-0477,False
receivable_overdue,Arjun Iyer,arjun.iyer725@example.com,+918208462221,0,4,10,48.0,0,False,False,invoice_overdue,238443.0,HIST-0478,True
receivable_overdue,Aditya Nair,aditya.nair514@example.com,+911761541162,0,3,23,48.0,0,False,False,invoice_overdue,261870.0,HIST-0479,False
receivable_overdue,Aditya Khan,aditya.khan612@example.com,+911363177677,0,0,46,48.0,0,False,True,invoice_overdue,374567.0,HIST-0480,False
receivable_overdue,Pooja Khan,pooja.khan904@example.com,+915484337614,0,0,58,48.0,0,False,False,invoice_overdue,188783.0,HIST-0481,False
receivable_overdue,Ananya Iyer,ananya.iyer627@example.com,+912868480206,0,1,26,48.0,0,False,True,invoice_overdue,257777.0,HIST-0482,True
receivable_overdue,Aditya Joshi,aditya.joshi240@example.com,+912352341511,0,0,26,48.0,0,False,False,invoice_overdue,122245.0,HIST-0483,False
receivable_overdue,Vikram Das,vikram.das800@example.com,+917036505773,0,1,28,48.0,0,False,False,invoice_overdue,121963.0,HIST-0484,False
receivable_overdue,Sara Sharma,sara.sharma275@example.com,+912176850846,0,2,44,48.0,0,False,False,invoice_overdue,193767.0,HIST-0485,False
receivable_overdue,Arjun Sharma,arjun.sharma131@example.com,+917585585242,0,0,61,48.0,0,False,False,invoice_overdue,170465.0,HIST-0486,False
receivable_overdue,Rohan Sharma,rohan.sharma704@example.com,+917635332185,0,0,77,48.0,0,False,True,invoice_overdue,91583.0,HIST-0487,False
receivable_overdue,Kabir Kapoor,kabir.kapoor998@example.com,+918820882050,0,2,84,48.0,0,False,False,invoice_overdue,25046.0,HIST-0488,False
receivable_overdue,Kabir Mehta,kabir.mehta898@example.com,+912573844757,0,1,64,48.0,0,False,False,invoice_overdue,396254.0,HIST-0489,False
receivable_overdue,Karan Gupta,karan.gupta327@example.com,+916116264847,0,4,19,48.0,0,False,True,invoice_overdue,425963.0,HIST-0490,True
receivable_overdue,Aarav Gupta,aarav.gupta17@example.com,+913840417064,0,2,60,48.0,0,False,False,invoice_overdue,14331.0,HIST-0491,False
receivable_overdue,Pooja Khan,pooja.khan8@example.com,+911437371361,0,2,67,48.0,0,False,False,invoice_overdue,164093.0,HIST-0492,False
receivable_overdue,Sneha Das,sneha.das973@example.com,+911512253725,0,1,88,48.0,0,False,True,invoice_overdue,382777.0,HIST-0493,False
receivable_overdue,Aditya Reddy,aditya.reddy957@example.com,+916873605068,0,1,75,48.0,0,False,False,invoice_overdue,342287.0,HIST-0494,False
receivable_overdue,Riya Rao,riya.rao639@example.com,+912557444100,0,4,38,48.0,0,False,True,invoice_overdue,334777.0,HIST-0495,False
receivable_overdue,Ishaan Reddy,ishaan.reddy920@example.com,+910103864134,0,4,63,48.0,0,False,True,invoice_overdue,141064.0,HIST-0496,False
receivable_overdue,Ishaan Rao,ishaan.rao461@example.com,+912104620463,0,3,14,48.0,0,False,False,invoice_overdue,128936.0,HIST-0497,False
receivable_overdue,Aditya Rao,aditya.rao397@example.com,+910365882027,0,0,9,48.0,0,False,False,invoice_overdue,407695.0,HIST-0498,False
receivable_overdue,Isha Rao,isha.rao212@example.com,+910548542077,0,1,63,48.0,0,False,False,invoice_overdue,85561.0,HIST-0499,False
receivable_overdue,Vikram Iyer,vikram.iyer307@example.com,+917807450665,0,4,85,48.0,0,False,False,invoice_overdue,396347.0,HIST-0500,False
receivable_overdue,Riya Kapoor,riya.kapoor541@example.com,+916043805177,0,2,78,48.0,0,False,False,invoice_overdue,121548.0,HIST-0501,False
receivable_overdue,Aarav Iyer,aarav.iyer403@example.com,+911187311820,0,3,41,48.0,0,False,False,invoice_overdue,201701.0,HIST-0502,False
receivable_overdue,Karan Pillai,karan.pillai367@example.com,+915366287816,0,4,10,48.0,0,False,False,invoice_overdue,57658.0,HIST-0503,True
receivable_overdue,Meera Nair,meera.nair74@example.com,+916647242514,0,2,50,48.0,0,False,False,invoice_overdue,276912.0,HIST-0504,False
receivable_overdue,Diya Gupta,diya.gupta647@example.com,+918658840552,0,1,78,48.0,0,False,True,invoice_overdue,425483.0,HIST-0505,False
receivable_overdue,Priya Gupta,priya.gupta366@example.com,+912145242658,0,1,76,48.0,0,False,False,invoice_overdue,31251.0,HIST-0506,False
receivable_overdue,Priya Iyer,priya.iyer978@example.com,+911411004303,0,4,51,48.0,0,False,False,invoice_overdue,140105.0,HIST-0507,False
receivable_overdue,Priya Gupta,priya.gupta750@example.com,+912741747416,0,2,60,48.0,0,False,False,invoice_overdue,66602.0,HIST-0508,False
receivable_overdue,Meera Das,meera.das111@example.com,+910854126783,0,0,15,48.0,0,False,False,invoice_overdue,230110.0,HIST-0509,False
receivable_overdue,Ishaan Reddy,ishaan.reddy641@example.com,+917833762614,0,0,89,48.0,0,False,True,invoice_overdue,156707.0,HIST-0510,False
receivable_overdue,Aarav Kapoor,aarav.kapoor677@example.com,+911013160776,0,0,84,48.0,0,False,False,invoice_overdue,472336.0,HIST-0511,False
receivable_overdue,Rohan Rao,rohan.rao773@example.com,+918230224376,0,2,1,48.0,0,False,True,invoice_overdue,365653.0,HIST-0512,True
receivable_overdue,Meera Rao,meera.rao793@example.com,+917333633142,0,3,80,48.0,0,False,False,invoice_overdue,264830.0,HIST-0513,False
receivable_overdue,Isha Khan,isha.khan762@example.com,+913732172704,0,0,40,48.0,0,False,False,invoice_overdue,216807.0,HIST-0514,False
receivable_overdue,Sara Singh,sara.singh462@example.com,+912253835017,0,2,38,48.0,0,False,False,invoice_overdue,175659.0,HIST-0515,False
receivable_overdue,Rohan Iyer,rohan.iyer418@example.com,+914146285606,0,4,64,48.0,0,False,True,invoice_overdue,171620.0,HIST-0516,False
receivable_overdue,Vivaan Joshi,vivaan.joshi773@example.com,+913123813527,0,3,34,48.0,0,False,False,invoice_overdue,455104.0,HIST-0517,False
receivable_overdue,Priya Sharma,priya.sharma347@example.com,+911255102473,0,0,50,48.0,0,False,True,invoice_overdue,146532.0,HIST-0518,False
receivable_overdue,Aditya Khan,aditya.khan582@example.com,+915378081240,0,2,18,48.0,0,False,False,invoice_overdue,185233.0,HIST-0519,False
receivable_overdue,Ananya Mehta,ananya.mehta474@example.com,+913583088247,0,4,43,48.0,0,False,False,invoice_overdue,254359.0,HIST-0520,False
receivable_overdue,Priya Khan,priya.khan676@example.com,+912450561460,0,1,24,48.0,0,False,True,invoice_overdue,323822.0,HIST-0521,False
receivable_overdue,Aarav Khan,aarav.khan948@example.com,+910704340626,0,1,50,48.0,0,False,False,invoice_overdue,329468.0,HIST-0522,False
receivable_overdue,Rahul Das,rahul.das220@example.com,+915388712663,0,3,13,48.0,0,False,False,invoice_overdue,72731.0,HIST-0523,False
receivable_overdue,Vikram Sharma,vikram.sharma754@example.com,+912884221814,0,4,61,48.0,0,False,False,invoice_overdue,242210.0,HIST-0524,False
receivable_overdue,Neha Khan,neha.khan158@example.com,+911302447860,0,2,65,48.0,0,False,False,invoice_overdue,207257.0,HIST-0525,False
receivable_overdue,Meera Joshi,meera.joshi179@example.com,+914167438530,0,1,20,48.0,0,False,False,invoice_overdue,12878.0,HIST-0526,True
receivable_overdue,Isha Mehta,isha.mehta902@example.com,+914364245368,0,2,27,48.0,0,False,True,invoice_overdue,208583.0,HIST-0527,False
receivable_overdue,Isha Reddy,isha.reddy840@example.com,+917781502065,0,1,16,48.0,0,False,False,invoice_overdue,371372.0,HIST-0528,True
receivable_overdue,Sneha Verma,sneha.verma402@example.com,+910717107335,0,2,62,48.0,0,False,False,invoice_overdue,141091.0,HIST-0529,False
receivable_overdue,Aarav Nair,aarav.nair591@example.com,+911153166013,0,4,7,48.0,0,False,True,invoice_overdue,367028.0,HIST-0530,False
receivable_overdue,Sneha Verma,sneha.verma130@example.com,+918446550427,0,4,12,48.0,0,False,True,invoice_overdue,255171.0,HIST-0531,False
receivable_overdue,Rahul Rao,rahul.rao858@example.com,+915815232138,0,2,32,48.0,0,False,True,invoice_overdue,319490.0,HIST-0532,False
receivable_overdue,Aditya Kapoor,aditya.kapoor243@example.com,+915642471562,0,1,80,48.0,0,False,True,invoice_overdue,196812.0,HIST-0533,False
receivable_overdue,Rahul Joshi,rahul.joshi759@example.com,+915336717700,0,1,76,48.0,0,False,False,invoice_overdue,349044.0,HIST-0534,False
receivable_overdue,Rohan Gupta,rohan.gupta990@example.com,+912434266140,0,2,88,48.0,0,False,False,invoice_overdue,114335.0,HIST-0535,False
receivable_overdue,Arjun Singh,arjun.singh711@example.com,+914528177168,0,4,31,48.0,0,False,True,invoice_overdue,288220.0,HIST-0536,False
receivable_overdue,Ananya Kapoor,ananya.kapoor455@example.com,+911711403887,0,4,6,48.0,0,False,False,invoice_overdue,165369.0,HIST-0537,True
receivable_overdue,Ishaan Kapoor,ishaan.kapoor586@example.com,+918038351625,0,2,59,48.0,0,False,False,invoice_overdue,440489.0,HIST-0538,False
receivable_overdue,Vikram Gupta,vikram.gupta655@example.com,+914263246755,0,1,24,48.0,0,False,False,invoice_overdue,394843.0,HIST-0539,True
receivable_overdue,Karan Iyer,karan.iyer780@example.com,+913768541373,0,2,22,48.0,0,False,False,invoice_overdue,31408.0,HIST-0540,True
receivable_overdue,Rahul Mehta,rahul.mehta554@example.com,+917054775565,0,3,26,48.0,0,False,True,invoice_overdue,117766.0,HIST-0541,True
receivable_overdue,Sneha Pillai,sneha.pillai625@example.com,+912823742036,0,0,20,48.0,0,False,True,invoice_overdue,358746.0,HIST-0542,False
receivable_overdue,Vivaan Khan,vivaan.khan570@example.com,+912123003025,0,3,55,48.0,0,False,False,invoice_overdue,20422.0,HIST-0543,False
receivable_overdue,Vikram Sharma,vikram.sharma169@example.com,+912678533044,0,4,69,48.0,0,False,False,invoice_overdue,108098.0,HIST-0544,False
receivable_overdue,Ishaan Das,ishaan.das767@example.com,+912527122125,0,0,50,48.0,0,False,False,invoice_overdue,318387.0,HIST-0545,False
receivable_overdue,Diya Verma,diya.verma454@example.com,+910372643552,0,0,82,48.0,0,False,False,invoice_overdue,115654.0,HIST-0546,False
receivable_overdue,Isha Nair,isha.nair565@example.com,+915314526518,0,2,59,48.0,0,False,False,invoice_overdue,26709.0,HIST-0547,False
receivable_overdue,Riya Kapoor,riya.kapoor840@example.com,+916731254018,0,0,68,48.0,0,False,True,invoice_overdue,364483.0,HIST-0548,False
receivable_overdue,Sneha Mehta,sneha.mehta784@example.com,+914458358374,0,3,42,48.0,0,False,False,invoice_overdue,440161.0,HIST-0549,False
receivable_overdue,Rohan Joshi,rohan.joshi788@example.com,+913326540007,0,0,7,48.0,0,False,False,invoice_overdue,426562.0,HIST-0550,False
receivable_overdue,Rohan Joshi,rohan.joshi236@example.com,+911386157861,0,0,20,48.0,0,False,False,invoice_overdue,124167.0,HIST-0551,True
receivable_overdue,Neha Reddy,neha.reddy420@example.com,+912185277815,0,1,72,48.0,0,False,False,invoice_overdue,490221.0,HIST-0552,False
receivable_overdue,Sara Mehta,sara.mehta770@example.com,+911474204648,0,0,46,48.0,0,False,True,invoice_overdue,303307.0,HIST-0553,False
receivable_overdue,Arjun Iyer,arjun.iyer905@example.com,+912311824850,0,1,35,48.0,0,False,False,invoice_overdue,181956.0,HIST-0554,False
receivable_overdue,Kabir Nair,kabir.nair413@example.com,+913248458523,0,0,43,48.0,0,False,False,invoice_overdue,246548.0,HIST-0555,False
receivable_overdue,Rahul Rao,rahul.rao841@example.com,+911353330780,0,3,47,48.0,0,False,False,invoice_overdue,209733.0,HIST-0556,False
receivable_overdue,Arjun Pillai,arjun.pillai829@example.com,+912730673431,0,2,3,48.0,0,False,False,invoice_overdue,497437.0,HIST-0557,True
receivable_overdue,Rahul Kapoor,rahul.kapoor605@example.com,+917872572607,0,4,67,48.0,0,False,False,invoice_overdue,309129.0,HIST-0558,False
receivable_overdue,Sneha Iyer,sneha.iyer821@example.com,+912546731356,0,4,31,48.0,0,False,True,invoice_overdue,377917.0,HIST-0559,False
receivable_overdue,Aarav Das,aarav.das180@example.com,+915768034655,0,2,10,48.0,0,False,False,invoice_overdue,156882.0,HIST-0560,False
receivable_overdue,Pooja Mehta,pooja.mehta582@example.com,+910531178481,0,0,83,48.0,0,False,True,invoice_overdue,153325.0,HIST-0561,False
receivable_overdue,Rohan Khan,rohan.khan360@example.com,+917844020723,0,3,64,48.0,0,False,False,invoice_overdue,422171.0,HIST-0562,False
receivable_overdue,Neha Nair,neha.nair744@example.com,+918222708645,0,1,69,48.0,0,False,False,invoice_overdue,447673.0,HIST-0563,False
receivable_overdue,Ishaan Verma,ishaan.verma981@example.com,+914510030324,0,2,28,48.0,0,False,False,invoice_overdue,296817.0,HIST-0564,False
receivable_overdue,Isha Pillai,isha.pillai485@example.com,+918417355264,0,3,27,48.0,0,False,True,invoice_overdue,186354.0,HIST-0565,False
receivable_overdue,Sneha Nair,sneha.nair640@example.com,+916756780618,0,0,22,48.0,0,False,True,invoice_overdue,29004.0,HIST-0566,True
receivable_overdue,Aarav Mehta,aarav.mehta970@example.com,+914454350263,0,4,12,48.0,0,False,True,invoice_overdue,31874.0,HIST-0567,False
receivable_overdue,Arjun Mehta,arjun.mehta451@example.com,+918256516611,0,4,11,48.0,0,False,False,invoice_overdue,339088.0,HIST-0568,False
receivable_overdue,Riya Khan,riya.khan268@example.com,+913661482617,0,2,27,48.0,0,False,True,invoice_overdue,89263.0,HIST-0569,False
receivable_overdue,Karan Sharma,karan.sharma982@example.com,+910381060847,0,4,13,48.0,0,False,False,invoice_overdue,126324.0,HIST-0570,False
receivable_overdue,Rohan Reddy,rohan.reddy577@example.com,+914235032014,0,2,31,48.0,0,False,True,invoice_overdue,55673.0,HIST-0571,False
receivable_overdue,Meera Verma,meera.verma428@example.com,+914738100310,0,4,87,48.0,0,False,False,invoice_overdue,121766.0,HIST-0572,False
receivable_overdue,Ananya Reddy,ananya.reddy327@example.com,+913665561306,0,2,57,48.0,0,False,True,invoice_overdue,221617.0,HIST-0573,False
receivable_overdue,Isha Nair,isha.nair110@example.com,+912828475043,0,0,49,48.0,0,False,False,invoice_overdue,104720.0,HIST-0574,False
receivable_overdue,Vivaan Khan,vivaan.khan654@example.com,+910320746578,0,2,32,48.0,0,False,False,invoice_overdue,303033.0,HIST-0575,False
receivable_overdue,Aditya Iyer,aditya.iyer989@example.com,+915253177732,0,1,66,48.0,0,False,False,invoice_overdue,29620.0,HIST-0576,False
receivable_overdue,Ishaan Das,ishaan.das141@example.com,+914485757773,0,3,88,48.0,0,False,False,invoice_overdue,194028.0,HIST-0577,False
receivable_overdue,Rahul Rao,rahul.rao742@example.com,+911566822881,0,0,85,48.0,0,False,True,invoice_overdue,192296.0,HIST-0578,False
receivable_overdue,Priya Rao,priya.rao607@example.com,+914724562544,0,3,36,48.0,0,False,False,invoice_overdue,432018.0,HIST-0579,True
receivable_overdue,Isha Joshi,isha.joshi282@example.com,+918522270640,0,3,68,48.0,0,False,False,invoice_overdue,308612.0,HIST-0580,False
receivable_overdue,Priya Sharma,priya.sharma359@example.com,+915085281823,0,1,89,48.0,0,False,False,invoice_overdue,215580.0,HIST-0581,False
receivable_overdue,Diya Joshi,diya.joshi693@example.com,+913134008036,0,0,45,48.0,0,False,False,invoice_overdue,167431.0,HIST-0582,False
receivable_overdue,Sneha Das,sneha.das351@example.com,+910314185286,0,1,14,48.0,0,False,False,invoice_overdue,221695.0,HIST-0583,False
receivable_overdue,Diya Rao,diya.rao283@example.com,+912413326266,0,4,24,48.0,0,False,True,invoice_overdue,334597.0,HIST-0584,False
receivable_overdue,Sneha Nair,sneha.nair696@example.com,+910576572306,0,3,67,48.0,0,False,False,invoice_overdue,363087.0,HIST-0585,False
receivable_overdue,Pooja Iyer,pooja.iyer476@example.com,+918364555782,0,2,56,48.0,0,False,False,invoice_overdue,464512.0,HIST-0586,False
receivable_overdue,Riya Reddy,riya.reddy287@example.com,+917350071784,0,4,39,48.0,0,False,False,invoice_overdue,442826.0,HIST-0587,False
receivable_overdue,Kabir Rao,kabir.rao44@example.com,+917025148705,0,3,7,48.0,0,False,False,invoice_overdue,300681.0,HIST-0588,False
receivable_overdue,Diya Gupta,diya.gupta735@example.com,+916115711768,0,0,85,48.0,0,False,True,invoice_overdue,392789.0,HIST-0589,False
receivable_overdue,Vivaan Rao,vivaan.rao661@example.com,+910113428153,0,4,74,48.0,0,False,False,invoice_overdue,196900.0,HIST-0590,False
receivable_overdue,Ishaan Khan,ishaan.khan616@example.com,+913222236004,0,1,24,48.0,0,False,False,invoice_overdue,342499.0,HIST-0591,False
receivable_overdue,Arjun Iyer,arjun.iyer121@example.com,+914364311624,0,1,80,48.0,0,False,False,invoice_overdue,409965.0,HIST-0592,False
receivable_overdue,Riya Nair,riya.nair593@example.com,+911662430184,0,1,4,48.0,0,False,False,invoice_overdue,78137.0,HIST-0593,True
receivable_overdue,Isha Khan,isha.khan763@example.com,+917008815882,0,4,58,48.0,0,False,False,invoice_overdue,409607.0,HIST-0594,False
receivable_overdue,Aarav Reddy,aarav.reddy12@example.com,+913752336204,0,1,43,48.0,0,False,False,invoice_overdue,415843.0,HIST-0595,False
receivable_overdue,Pooja Iyer,pooja.iyer74@example.com,+911371706284,0,4,22,48.0,0,False,False,invoice_overdue,138917.0,HIST-0596,True
receivable_overdue,Arjun Mehta,arjun.mehta663@example.com,+914000546818,0,2,55,48.0,0,False,True,invoice_overdue,466169.0,HIST-0597,False
receivable_overdue,Aarav Kapoor,aarav.kapoor433@example.com,+911105650006,0,0,27,48.0,0,False,False,invoice_overdue,371272.0,HIST-0598,False
receivable_overdue,Ishaan Singh,ishaan.singh463@example.com,+911846035505,0,1,70,48.0,0,False,False,invoice_overdue,472518.0,HIST-0599,False
